ISO-10303-21;
HEADER;
/* Generated by software containing ST-Developer
 * from STEP Tools, Inc. (www.steptools.com) 
 */

FILE_DESCRIPTION(
/* description */ (''),
/* implementation_level */ '2;1');

FILE_NAME(
/* name */ 'BottomPlate.step',
/* time_stamp */ '2026-07-31T13:33:27+01:00',
/* author */ (''),
/* organization */ (''),
/* preprocessor_version */ 'ST-DEVELOPER v20.1',
/* originating_system */ 'Autodesk Translation Framework v15.8.0.0',
/* authorisation */ '');

FILE_SCHEMA (('AUTOMOTIVE_DESIGN { 1 0 10303 214 3 1 1 }'));
ENDSEC;

DATA;
#10=MECHANICAL_DESIGN_GEOMETRIC_PRESENTATION_REPRESENTATION('',(#13,#14,
#15,#16),#3006);
#11=SHAPE_REPRESENTATION_RELATIONSHIP('SRR','None',#3013,#12);
#12=ADVANCED_BREP_SHAPE_REPRESENTATION('',(#17,#18,#19,#20),#3005);
#13=STYLED_ITEM('',(#3023),#17);
#14=STYLED_ITEM('',(#3023),#18);
#15=STYLED_ITEM('',(#3023),#19);
#16=STYLED_ITEM('',(#3022),#20);
#17=MANIFOLD_SOLID_BREP('leftbottom',#1835);
#18=MANIFOLD_SOLID_BREP('middlebottom',#1836);
#19=MANIFOLD_SOLID_BREP('rightbottom',#1837);
#20=MANIFOLD_SOLID_BREP('screenstand',#1838);
#21=CYLINDRICAL_SURFACE('',#1884,1.);
#22=CYLINDRICAL_SURFACE('',#1888,0.999999999999996);
#23=CYLINDRICAL_SURFACE('',#1892,1.);
#24=CYLINDRICAL_SURFACE('',#1896,0.999999999999996);
#25=CYLINDRICAL_SURFACE('',#1900,2.);
#26=CYLINDRICAL_SURFACE('',#1901,1.99999999999999);
#27=CYLINDRICAL_SURFACE('',#1902,1.99999999999999);
#28=CYLINDRICAL_SURFACE('',#1903,0.999999999999996);
#29=CYLINDRICAL_SURFACE('',#1904,2.);
#30=CYLINDRICAL_SURFACE('',#1918,1.99999999999999);
#31=CYLINDRICAL_SURFACE('',#1921,1.99999999999999);
#32=CYLINDRICAL_SURFACE('',#1924,1.99999999999999);
#33=CYLINDRICAL_SURFACE('',#1927,0.999999999999979);
#34=CYLINDRICAL_SURFACE('',#1929,1.99999999999999);
#35=CYLINDRICAL_SURFACE('',#1934,0.999999999999979);
#36=CYLINDRICAL_SURFACE('',#1937,0.999999999999996);
#37=CYLINDRICAL_SURFACE('',#1940,0.999999999999979);
#38=CYLINDRICAL_SURFACE('',#1943,0.999999999999996);
#39=CYLINDRICAL_SURFACE('',#1950,2.00000000000003);
#40=CYLINDRICAL_SURFACE('',#1953,2.00000000000003);
#41=CYLINDRICAL_SURFACE('',#1956,1.99999999999999);
#42=CYLINDRICAL_SURFACE('',#1959,1.99999999999999);
#43=CYLINDRICAL_SURFACE('',#1964,1.00000000000001);
#44=CYLINDRICAL_SURFACE('',#1968,1.00000000000001);
#45=CYLINDRICAL_SURFACE('',#1972,1.00000000000001);
#46=CYLINDRICAL_SURFACE('',#1979,1.00000000000001);
#47=CIRCLE('',#1853,0.999999999999996);
#48=CIRCLE('',#1854,1.);
#49=CIRCLE('',#1855,0.999999999999996);
#50=CIRCLE('',#1856,1.);
#51=CIRCLE('',#1857,0.999999999999996);
#52=CIRCLE('',#1866,0.999999999999996);
#53=CIRCLE('',#1867,2.);
#54=CIRCLE('',#1868,1.99999999999999);
#55=CIRCLE('',#1869,1.99999999999999);
#56=CIRCLE('',#1870,2.);
#57=CIRCLE('',#1885,1.);
#58=CIRCLE('',#1887,2.);
#59=CIRCLE('',#1889,0.999999999999996);
#60=CIRCLE('',#1891,1.99999999999999);
#61=CIRCLE('',#1893,1.);
#62=CIRCLE('',#1895,2.);
#63=CIRCLE('',#1897,0.999999999999996);
#64=CIRCLE('',#1899,1.99999999999999);
#65=CIRCLE('',#1910,0.999999999999979);
#66=CIRCLE('',#1911,0.999999999999996);
#67=CIRCLE('',#1912,0.999999999999979);
#68=CIRCLE('',#1913,0.999999999999996);
#69=CIRCLE('',#1914,0.999999999999979);
#70=CIRCLE('',#1919,1.99999999999999);
#71=CIRCLE('',#1920,1.99999999999999);
#72=CIRCLE('',#1922,1.99999999999999);
#73=CIRCLE('',#1923,1.99999999999999);
#74=CIRCLE('',#1925,1.99999999999999);
#75=CIRCLE('',#1926,1.99999999999999);
#76=CIRCLE('',#1928,0.999999999999979);
#77=CIRCLE('',#1930,1.99999999999999);
#78=CIRCLE('',#1931,1.99999999999999);
#79=CIRCLE('',#1933,0.999999999999979);
#80=CIRCLE('',#1936,0.999999999999996);
#81=CIRCLE('',#1939,0.999999999999979);
#82=CIRCLE('',#1942,0.999999999999996);
#83=CIRCLE('',#1951,2.00000000000003);
#84=CIRCLE('',#1952,2.00000000000003);
#85=CIRCLE('',#1954,2.00000000000003);
#86=CIRCLE('',#1955,2.00000000000003);
#87=CIRCLE('',#1957,1.99999999999999);
#88=CIRCLE('',#1958,1.99999999999999);
#89=CIRCLE('',#1960,1.99999999999999);
#90=CIRCLE('',#1961,1.99999999999999);
#91=CIRCLE('',#1963,1.00000000000001);
#92=CIRCLE('',#1965,1.00000000000001);
#93=CIRCLE('',#1967,1.00000000000001);
#94=CIRCLE('',#1969,1.00000000000001);
#95=CIRCLE('',#1971,1.00000000000001);
#96=CIRCLE('',#1973,1.00000000000001);
#97=CIRCLE('',#1978,1.00000000000001);
#98=CIRCLE('',#1980,1.00000000000001);
#99=FACE_BOUND('',#252,.T.);
#100=FACE_BOUND('',#253,.T.);
#101=FACE_BOUND('',#254,.T.);
#102=FACE_BOUND('',#255,.T.);
#103=FACE_BOUND('',#256,.T.);
#104=FACE_BOUND('',#257,.T.);
#105=FACE_BOUND('',#258,.T.);
#106=FACE_BOUND('',#259,.T.);
#107=FACE_BOUND('',#260,.T.);
#108=FACE_BOUND('',#261,.T.);
#109=FACE_BOUND('',#270,.T.);
#110=FACE_BOUND('',#271,.T.);
#111=FACE_BOUND('',#272,.T.);
#112=FACE_BOUND('',#273,.T.);
#113=FACE_BOUND('',#274,.T.);
#114=FACE_BOUND('',#275,.T.);
#115=FACE_BOUND('',#276,.T.);
#116=FACE_BOUND('',#277,.T.);
#117=FACE_BOUND('',#278,.T.);
#118=FACE_BOUND('',#279,.T.);
#119=FACE_BOUND('',#295,.T.);
#120=FACE_BOUND('',#298,.T.);
#121=FACE_BOUND('',#301,.T.);
#122=FACE_BOUND('',#304,.T.);
#123=FACE_BOUND('',#315,.T.);
#124=FACE_BOUND('',#316,.T.);
#125=FACE_BOUND('',#317,.T.);
#126=FACE_BOUND('',#318,.T.);
#127=FACE_BOUND('',#319,.T.);
#128=FACE_BOUND('',#329,.T.);
#129=FACE_BOUND('',#332,.T.);
#130=FACE_BOUND('',#335,.T.);
#131=FACE_BOUND('',#338,.T.);
#132=FACE_BOUND('',#342,.T.);
#133=FACE_BOUND('',#343,.T.);
#134=FACE_BOUND('',#344,.T.);
#135=FACE_BOUND('',#345,.T.);
#136=FACE_BOUND('',#346,.T.);
#137=FACE_BOUND('',#356,.T.);
#138=FACE_BOUND('',#359,.T.);
#139=FACE_BOUND('',#362,.T.);
#140=FACE_BOUND('',#368,.T.);
#141=FACE_BOUND('',#371,.T.);
#142=FACE_BOUND('',#372,.T.);
#143=FACE_BOUND('',#373,.T.);
#144=FACE_BOUND('',#374,.T.);
#145=FACE_BOUND('',#378,.T.);
#146=FACE_BOUND('',#379,.T.);
#147=FACE_BOUND('',#380,.T.);
#148=FACE_BOUND('',#381,.T.);
#149=FACE_BOUND('',#382,.T.);
#150=FACE_OUTER_BOUND('',#251,.T.);
#151=FACE_OUTER_BOUND('',#262,.T.);
#152=FACE_OUTER_BOUND('',#263,.T.);
#153=FACE_OUTER_BOUND('',#264,.T.);
#154=FACE_OUTER_BOUND('',#265,.T.);
#155=FACE_OUTER_BOUND('',#266,.T.);
#156=FACE_OUTER_BOUND('',#267,.T.);
#157=FACE_OUTER_BOUND('',#268,.T.);
#158=FACE_OUTER_BOUND('',#269,.T.);
#159=FACE_OUTER_BOUND('',#280,.T.);
#160=FACE_OUTER_BOUND('',#281,.T.);
#161=FACE_OUTER_BOUND('',#282,.T.);
#162=FACE_OUTER_BOUND('',#283,.T.);
#163=FACE_OUTER_BOUND('',#284,.T.);
#164=FACE_OUTER_BOUND('',#285,.T.);
#165=FACE_OUTER_BOUND('',#286,.T.);
#166=FACE_OUTER_BOUND('',#287,.T.);
#167=FACE_OUTER_BOUND('',#288,.T.);
#168=FACE_OUTER_BOUND('',#289,.T.);
#169=FACE_OUTER_BOUND('',#290,.T.);
#170=FACE_OUTER_BOUND('',#291,.T.);
#171=FACE_OUTER_BOUND('',#292,.T.);
#172=FACE_OUTER_BOUND('',#293,.T.);
#173=FACE_OUTER_BOUND('',#294,.T.);
#174=FACE_OUTER_BOUND('',#296,.T.);
#175=FACE_OUTER_BOUND('',#297,.T.);
#176=FACE_OUTER_BOUND('',#299,.T.);
#177=FACE_OUTER_BOUND('',#300,.T.);
#178=FACE_OUTER_BOUND('',#302,.T.);
#179=FACE_OUTER_BOUND('',#303,.T.);
#180=FACE_OUTER_BOUND('',#305,.T.);
#181=FACE_OUTER_BOUND('',#306,.T.);
#182=FACE_OUTER_BOUND('',#307,.T.);
#183=FACE_OUTER_BOUND('',#308,.T.);
#184=FACE_OUTER_BOUND('',#309,.T.);
#185=FACE_OUTER_BOUND('',#310,.T.);
#186=FACE_OUTER_BOUND('',#311,.T.);
#187=FACE_OUTER_BOUND('',#312,.T.);
#188=FACE_OUTER_BOUND('',#313,.T.);
#189=FACE_OUTER_BOUND('',#314,.T.);
#190=FACE_OUTER_BOUND('',#320,.T.);
#191=FACE_OUTER_BOUND('',#321,.T.);
#192=FACE_OUTER_BOUND('',#322,.T.);
#193=FACE_OUTER_BOUND('',#323,.T.);
#194=FACE_OUTER_BOUND('',#324,.T.);
#195=FACE_OUTER_BOUND('',#325,.T.);
#196=FACE_OUTER_BOUND('',#326,.T.);
#197=FACE_OUTER_BOUND('',#327,.T.);
#198=FACE_OUTER_BOUND('',#328,.T.);
#199=FACE_OUTER_BOUND('',#330,.T.);
#200=FACE_OUTER_BOUND('',#331,.T.);
#201=FACE_OUTER_BOUND('',#333,.T.);
#202=FACE_OUTER_BOUND('',#334,.T.);
#203=FACE_OUTER_BOUND('',#336,.T.);
#204=FACE_OUTER_BOUND('',#337,.T.);
#205=FACE_OUTER_BOUND('',#339,.T.);
#206=FACE_OUTER_BOUND('',#340,.T.);
#207=FACE_OUTER_BOUND('',#341,.T.);
#208=FACE_OUTER_BOUND('',#347,.T.);
#209=FACE_OUTER_BOUND('',#348,.T.);
#210=FACE_OUTER_BOUND('',#349,.T.);
#211=FACE_OUTER_BOUND('',#350,.T.);
#212=FACE_OUTER_BOUND('',#351,.T.);
#213=FACE_OUTER_BOUND('',#352,.T.);
#214=FACE_OUTER_BOUND('',#353,.T.);
#215=FACE_OUTER_BOUND('',#354,.T.);
#216=FACE_OUTER_BOUND('',#355,.T.);
#217=FACE_OUTER_BOUND('',#357,.T.);
#218=FACE_OUTER_BOUND('',#358,.T.);
#219=FACE_OUTER_BOUND('',#360,.T.);
#220=FACE_OUTER_BOUND('',#361,.T.);
#221=FACE_OUTER_BOUND('',#363,.T.);
#222=FACE_OUTER_BOUND('',#364,.T.);
#223=FACE_OUTER_BOUND('',#365,.T.);
#224=FACE_OUTER_BOUND('',#366,.T.);
#225=FACE_OUTER_BOUND('',#367,.T.);
#226=FACE_OUTER_BOUND('',#369,.T.);
#227=FACE_OUTER_BOUND('',#370,.T.);
#228=FACE_OUTER_BOUND('',#375,.T.);
#229=FACE_OUTER_BOUND('',#376,.T.);
#230=FACE_OUTER_BOUND('',#377,.T.);
#231=FACE_OUTER_BOUND('',#383,.T.);
#232=FACE_OUTER_BOUND('',#384,.T.);
#233=FACE_OUTER_BOUND('',#385,.T.);
#234=FACE_OUTER_BOUND('',#386,.T.);
#235=FACE_OUTER_BOUND('',#387,.T.);
#236=FACE_OUTER_BOUND('',#388,.T.);
#237=FACE_OUTER_BOUND('',#389,.T.);
#238=FACE_OUTER_BOUND('',#390,.T.);
#239=FACE_OUTER_BOUND('',#391,.T.);
#240=FACE_OUTER_BOUND('',#392,.T.);
#241=FACE_OUTER_BOUND('',#393,.T.);
#242=FACE_OUTER_BOUND('',#394,.T.);
#243=FACE_OUTER_BOUND('',#395,.T.);
#244=FACE_OUTER_BOUND('',#396,.T.);
#245=FACE_OUTER_BOUND('',#397,.T.);
#246=FACE_OUTER_BOUND('',#398,.T.);
#247=FACE_OUTER_BOUND('',#399,.T.);
#248=FACE_OUTER_BOUND('',#400,.T.);
#249=FACE_OUTER_BOUND('',#401,.T.);
#250=FACE_OUTER_BOUND('',#402,.T.);
#251=EDGE_LOOP('',(#1179,#1180,#1181,#1182));
#252=EDGE_LOOP('',(#1183,#1184,#1185,#1186));
#253=EDGE_LOOP('',(#1187,#1188,#1189,#1190));
#254=EDGE_LOOP('',(#1191));
#255=EDGE_LOOP('',(#1192));
#256=EDGE_LOOP('',(#1193));
#257=EDGE_LOOP('',(#1194));
#258=EDGE_LOOP('',(#1195));
#259=EDGE_LOOP('',(#1196,#1197,#1198,#1199));
#260=EDGE_LOOP('',(#1200,#1201,#1202,#1203));
#261=EDGE_LOOP('',(#1204,#1205,#1206,#1207));
#262=EDGE_LOOP('',(#1208,#1209,#1210,#1211));
#263=EDGE_LOOP('',(#1212,#1213,#1214,#1215));
#264=EDGE_LOOP('',(#1216,#1217,#1218,#1219));
#265=EDGE_LOOP('',(#1220,#1221,#1222,#1223));
#266=EDGE_LOOP('',(#1224,#1225,#1226,#1227));
#267=EDGE_LOOP('',(#1228,#1229,#1230,#1231));
#268=EDGE_LOOP('',(#1232,#1233,#1234,#1235));
#269=EDGE_LOOP('',(#1236,#1237,#1238,#1239));
#270=EDGE_LOOP('',(#1240,#1241,#1242,#1243));
#271=EDGE_LOOP('',(#1244,#1245,#1246,#1247));
#272=EDGE_LOOP('',(#1248,#1249,#1250,#1251));
#273=EDGE_LOOP('',(#1252));
#274=EDGE_LOOP('',(#1253));
#275=EDGE_LOOP('',(#1254));
#276=EDGE_LOOP('',(#1255));
#277=EDGE_LOOP('',(#1256));
#278=EDGE_LOOP('',(#1257,#1258,#1259,#1260));
#279=EDGE_LOOP('',(#1261,#1262,#1263,#1264));
#280=EDGE_LOOP('',(#1265,#1266,#1267,#1268));
#281=EDGE_LOOP('',(#1269,#1270,#1271,#1272));
#282=EDGE_LOOP('',(#1273,#1274,#1275,#1276));
#283=EDGE_LOOP('',(#1277,#1278,#1279,#1280));
#284=EDGE_LOOP('',(#1281,#1282,#1283,#1284));
#285=EDGE_LOOP('',(#1285,#1286,#1287,#1288));
#286=EDGE_LOOP('',(#1289,#1290,#1291,#1292));
#287=EDGE_LOOP('',(#1293,#1294,#1295,#1296));
#288=EDGE_LOOP('',(#1297,#1298,#1299,#1300));
#289=EDGE_LOOP('',(#1301,#1302,#1303,#1304));
#290=EDGE_LOOP('',(#1305,#1306,#1307,#1308));
#291=EDGE_LOOP('',(#1309,#1310,#1311,#1312));
#292=EDGE_LOOP('',(#1313,#1314,#1315,#1316));
#293=EDGE_LOOP('',(#1317,#1318,#1319,#1320));
#294=EDGE_LOOP('',(#1321));
#295=EDGE_LOOP('',(#1322));
#296=EDGE_LOOP('',(#1323,#1324,#1325,#1326));
#297=EDGE_LOOP('',(#1327));
#298=EDGE_LOOP('',(#1328));
#299=EDGE_LOOP('',(#1329,#1330,#1331,#1332));
#300=EDGE_LOOP('',(#1333));
#301=EDGE_LOOP('',(#1334));
#302=EDGE_LOOP('',(#1335,#1336,#1337,#1338));
#303=EDGE_LOOP('',(#1339));
#304=EDGE_LOOP('',(#1340));
#305=EDGE_LOOP('',(#1341,#1342,#1343,#1344));
#306=EDGE_LOOP('',(#1345,#1346,#1347,#1348));
#307=EDGE_LOOP('',(#1349,#1350,#1351,#1352));
#308=EDGE_LOOP('',(#1353,#1354,#1355,#1356));
#309=EDGE_LOOP('',(#1357,#1358,#1359,#1360));
#310=EDGE_LOOP('',(#1361,#1362,#1363,#1364));
#311=EDGE_LOOP('',(#1365,#1366,#1367,#1368));
#312=EDGE_LOOP('',(#1369,#1370,#1371,#1372));
#313=EDGE_LOOP('',(#1373,#1374,#1375,#1376));
#314=EDGE_LOOP('',(#1377,#1378,#1379,#1380));
#315=EDGE_LOOP('',(#1381));
#316=EDGE_LOOP('',(#1382));
#317=EDGE_LOOP('',(#1383));
#318=EDGE_LOOP('',(#1384));
#319=EDGE_LOOP('',(#1385));
#320=EDGE_LOOP('',(#1386,#1387,#1388,#1389));
#321=EDGE_LOOP('',(#1390,#1391,#1392,#1393));
#322=EDGE_LOOP('',(#1394,#1395,#1396,#1397));
#323=EDGE_LOOP('',(#1398,#1399,#1400,#1401));
#324=EDGE_LOOP('',(#1402,#1403,#1404,#1405));
#325=EDGE_LOOP('',(#1406,#1407,#1408,#1409));
#326=EDGE_LOOP('',(#1410,#1411,#1412,#1413));
#327=EDGE_LOOP('',(#1414,#1415,#1416,#1417));
#328=EDGE_LOOP('',(#1418));
#329=EDGE_LOOP('',(#1419));
#330=EDGE_LOOP('',(#1420,#1421,#1422,#1423));
#331=EDGE_LOOP('',(#1424));
#332=EDGE_LOOP('',(#1425));
#333=EDGE_LOOP('',(#1426,#1427,#1428,#1429));
#334=EDGE_LOOP('',(#1430));
#335=EDGE_LOOP('',(#1431));
#336=EDGE_LOOP('',(#1432,#1433,#1434,#1435));
#337=EDGE_LOOP('',(#1436));
#338=EDGE_LOOP('',(#1437));
#339=EDGE_LOOP('',(#1438,#1439,#1440,#1441));
#340=EDGE_LOOP('',(#1442,#1443,#1444,#1445));
#341=EDGE_LOOP('',(#1446,#1447,#1448,#1449));
#342=EDGE_LOOP('',(#1450));
#343=EDGE_LOOP('',(#1451));
#344=EDGE_LOOP('',(#1452));
#345=EDGE_LOOP('',(#1453));
#346=EDGE_LOOP('',(#1454));
#347=EDGE_LOOP('',(#1455,#1456,#1457,#1458));
#348=EDGE_LOOP('',(#1459,#1460,#1461,#1462));
#349=EDGE_LOOP('',(#1463,#1464,#1465,#1466));
#350=EDGE_LOOP('',(#1467,#1468,#1469,#1470));
#351=EDGE_LOOP('',(#1471,#1472,#1473,#1474));
#352=EDGE_LOOP('',(#1475,#1476,#1477,#1478));
#353=EDGE_LOOP('',(#1479,#1480,#1481,#1482));
#354=EDGE_LOOP('',(#1483,#1484,#1485,#1486));
#355=EDGE_LOOP('',(#1487));
#356=EDGE_LOOP('',(#1488));
#357=EDGE_LOOP('',(#1489,#1490,#1491,#1492));
#358=EDGE_LOOP('',(#1493));
#359=EDGE_LOOP('',(#1494));
#360=EDGE_LOOP('',(#1495,#1496,#1497,#1498));
#361=EDGE_LOOP('',(#1499));
#362=EDGE_LOOP('',(#1500));
#363=EDGE_LOOP('',(#1501,#1502,#1503,#1504));
#364=EDGE_LOOP('',(#1505,#1506,#1507,#1508));
#365=EDGE_LOOP('',(#1509,#1510,#1511,#1512));
#366=EDGE_LOOP('',(#1513,#1514,#1515,#1516));
#367=EDGE_LOOP('',(#1517));
#368=EDGE_LOOP('',(#1518));
#369=EDGE_LOOP('',(#1519,#1520,#1521,#1522));
#370=EDGE_LOOP('',(#1523,#1524,#1525,#1526));
#371=EDGE_LOOP('',(#1527));
#372=EDGE_LOOP('',(#1528));
#373=EDGE_LOOP('',(#1529));
#374=EDGE_LOOP('',(#1530));
#375=EDGE_LOOP('',(#1531,#1532,#1533,#1534));
#376=EDGE_LOOP('',(#1535,#1536,#1537,#1538));
#377=EDGE_LOOP('',(#1539,#1540,#1541,#1542));
#378=EDGE_LOOP('',(#1543));
#379=EDGE_LOOP('',(#1544,#1545,#1546,#1547));
#380=EDGE_LOOP('',(#1548));
#381=EDGE_LOOP('',(#1549));
#382=EDGE_LOOP('',(#1550));
#383=EDGE_LOOP('',(#1551,#1552,#1553,#1554,#1555,#1556,#1557,#1558));
#384=EDGE_LOOP('',(#1559,#1560,#1561,#1562,#1563,#1564,#1565,#1566));
#385=EDGE_LOOP('',(#1567,#1568,#1569,#1570,#1571,#1572,#1573,#1574));
#386=EDGE_LOOP('',(#1575,#1576,#1577,#1578,#1579,#1580));
#387=EDGE_LOOP('',(#1581,#1582,#1583,#1584));
#388=EDGE_LOOP('',(#1585,#1586,#1587,#1588));
#389=EDGE_LOOP('',(#1589,#1590,#1591,#1592));
#390=EDGE_LOOP('',(#1593,#1594,#1595,#1596));
#391=EDGE_LOOP('',(#1597,#1598,#1599,#1600,#1601,#1602));
#392=EDGE_LOOP('',(#1603,#1604,#1605,#1606));
#393=EDGE_LOOP('',(#1607,#1608,#1609,#1610));
#394=EDGE_LOOP('',(#1611,#1612,#1613,#1614));
#395=EDGE_LOOP('',(#1615,#1616,#1617,#1618,#1619,#1620,#1621,#1622,#1623,
#1624,#1625,#1626));
#396=EDGE_LOOP('',(#1627,#1628,#1629,#1630));
#397=EDGE_LOOP('',(#1631,#1632,#1633,#1634,#1635,#1636,#1637,#1638));
#398=EDGE_LOOP('',(#1639,#1640,#1641,#1642));
#399=EDGE_LOOP('',(#1643,#1644,#1645,#1646));
#400=EDGE_LOOP('',(#1647,#1648,#1649,#1650));
#401=EDGE_LOOP('',(#1651,#1652,#1653,#1654));
#402=EDGE_LOOP('',(#1655,#1656,#1657,#1658));
#403=LINE('',#2505,#591);
#404=LINE('',#2507,#592);
#405=LINE('',#2509,#593);
#406=LINE('',#2510,#594);
#407=LINE('',#2513,#595);
#408=LINE('',#2515,#596);
#409=LINE('',#2517,#597);
#410=LINE('',#2518,#598);
#411=LINE('',#2521,#599);
#412=LINE('',#2523,#600);
#413=LINE('',#2525,#601);
#414=LINE('',#2526,#602);
#415=LINE('',#2539,#603);
#416=LINE('',#2541,#604);
#417=LINE('',#2543,#605);
#418=LINE('',#2544,#606);
#419=LINE('',#2547,#607);
#420=LINE('',#2549,#608);
#421=LINE('',#2551,#609);
#422=LINE('',#2552,#610);
#423=LINE('',#2555,#611);
#424=LINE('',#2557,#612);
#425=LINE('',#2559,#613);
#426=LINE('',#2560,#614);
#427=LINE('',#2563,#615);
#428=LINE('',#2565,#616);
#429=LINE('',#2566,#617);
#430=LINE('',#2569,#618);
#431=LINE('',#2571,#619);
#432=LINE('',#2572,#620);
#433=LINE('',#2575,#621);
#434=LINE('',#2577,#622);
#435=LINE('',#2578,#623);
#436=LINE('',#2581,#624);
#437=LINE('',#2583,#625);
#438=LINE('',#2584,#626);
#439=LINE('',#2587,#627);
#440=LINE('',#2589,#628);
#441=LINE('',#2590,#629);
#442=LINE('',#2593,#630);
#443=LINE('',#2594,#631);
#444=LINE('',#2597,#632);
#445=LINE('',#2598,#633);
#446=LINE('',#2602,#634);
#447=LINE('',#2604,#635);
#448=LINE('',#2606,#636);
#449=LINE('',#2607,#637);
#450=LINE('',#2609,#638);
#451=LINE('',#2611,#639);
#452=LINE('',#2612,#640);
#453=LINE('',#2614,#641);
#454=LINE('',#2616,#642);
#455=LINE('',#2617,#643);
#456=LINE('',#2619,#644);
#457=LINE('',#2620,#645);
#458=LINE('',#2632,#646);
#459=LINE('',#2633,#647);
#460=LINE('',#2635,#648);
#461=LINE('',#2637,#649);
#462=LINE('',#2638,#650);
#463=LINE('',#2640,#651);
#464=LINE('',#2642,#652);
#465=LINE('',#2643,#653);
#466=LINE('',#2647,#654);
#467=LINE('',#2648,#655);
#468=LINE('',#2653,#656);
#469=LINE('',#2656,#657);
#470=LINE('',#2657,#658);
#471=LINE('',#2663,#659);
#472=LINE('',#2670,#660);
#473=LINE('',#2677,#661);
#474=LINE('',#2684,#662);
#475=LINE('',#2689,#663);
#476=LINE('',#2691,#664);
#477=LINE('',#2693,#665);
#478=LINE('',#2695,#666);
#479=LINE('',#2697,#667);
#480=LINE('',#2699,#668);
#481=LINE('',#2700,#669);
#482=LINE('',#2702,#670);
#483=LINE('',#2704,#671);
#484=LINE('',#2709,#672);
#485=LINE('',#2711,#673);
#486=LINE('',#2713,#674);
#487=LINE('',#2714,#675);
#488=LINE('',#2727,#676);
#489=LINE('',#2729,#677);
#490=LINE('',#2730,#678);
#491=LINE('',#2733,#679);
#492=LINE('',#2734,#680);
#493=LINE('',#2737,#681);
#494=LINE('',#2738,#682);
#495=LINE('',#2743,#683);
#496=LINE('',#2749,#684);
#497=LINE('',#2755,#685);
#498=LINE('',#2760,#686);
#499=LINE('',#2765,#687);
#500=LINE('',#2771,#688);
#501=LINE('',#2776,#689);
#502=LINE('',#2781,#690);
#503=LINE('',#2786,#691);
#504=LINE('',#2788,#692);
#505=LINE('',#2793,#693);
#506=LINE('',#2795,#694);
#507=LINE('',#2797,#695);
#508=LINE('',#2798,#696);
#509=LINE('',#2801,#697);
#510=LINE('',#2803,#698);
#511=LINE('',#2804,#699);
#512=LINE('',#2807,#700);
#513=LINE('',#2809,#701);
#514=LINE('',#2810,#702);
#515=LINE('',#2812,#703);
#516=LINE('',#2813,#704);
#517=LINE('',#2818,#705);
#518=LINE('',#2824,#706);
#519=LINE('',#2830,#707);
#520=LINE('',#2836,#708);
#521=LINE('',#2843,#709);
#522=LINE('',#2850,#710);
#523=LINE('',#2857,#711);
#524=LINE('',#2862,#712);
#525=LINE('',#2864,#713);
#526=LINE('',#2866,#714);
#527=LINE('',#2867,#715);
#528=LINE('',#2871,#716);
#529=LINE('',#2872,#717);
#530=LINE('',#2873,#718);
#531=LINE('',#2876,#719);
#532=LINE('',#2877,#720);
#533=LINE('',#2883,#721);
#534=LINE('',#2888,#722);
#535=LINE('',#2889,#723);
#536=LINE('',#2891,#724);
#537=LINE('',#2896,#725);
#538=LINE('',#2898,#726);
#539=LINE('',#2900,#727);
#540=LINE('',#2902,#728);
#541=LINE('',#2904,#729);
#542=LINE('',#2906,#730);
#543=LINE('',#2908,#731);
#544=LINE('',#2909,#732);
#545=LINE('',#2912,#733);
#546=LINE('',#2914,#734);
#547=LINE('',#2916,#735);
#548=LINE('',#2918,#736);
#549=LINE('',#2920,#737);
#550=LINE('',#2922,#738);
#551=LINE('',#2923,#739);
#552=LINE('',#2926,#740);
#553=LINE('',#2928,#741);
#554=LINE('',#2930,#742);
#555=LINE('',#2932,#743);
#556=LINE('',#2934,#744);
#557=LINE('',#2936,#745);
#558=LINE('',#2937,#746);
#559=LINE('',#2941,#747);
#560=LINE('',#2942,#748);
#561=LINE('',#2944,#749);
#562=LINE('',#2946,#750);
#563=LINE('',#2947,#751);
#564=LINE('',#2951,#752);
#565=LINE('',#2952,#753);
#566=LINE('',#2953,#754);
#567=LINE('',#2956,#755);
#568=LINE('',#2957,#756);
#569=LINE('',#2960,#757);
#570=LINE('',#2961,#758);
#571=LINE('',#2965,#759);
#572=LINE('',#2966,#760);
#573=LINE('',#2967,#761);
#574=LINE('',#2970,#762);
#575=LINE('',#2972,#763);
#576=LINE('',#2973,#764);
#577=LINE('',#2975,#765);
#578=LINE('',#2978,#766);
#579=LINE('',#2979,#767);
#580=LINE('',#2981,#768);
#581=LINE('',#2983,#769);
#582=LINE('',#2985,#770);
#583=LINE('',#2987,#771);
#584=LINE('',#2989,#772);
#585=LINE('',#2990,#773);
#586=LINE('',#2991,#774);
#587=LINE('',#2993,#775);
#588=LINE('',#2997,#776);
#589=LINE('',#2999,#777);
#590=LINE('',#3001,#778);
#591=VECTOR('',#2009,10.);
#592=VECTOR('',#2010,10.);
#593=VECTOR('',#2011,10.);
#594=VECTOR('',#2012,10.);
#595=VECTOR('',#2013,10.);
#596=VECTOR('',#2014,10.);
#597=VECTOR('',#2015,10.);
#598=VECTOR('',#2016,10.);
#599=VECTOR('',#2017,10.);
#600=VECTOR('',#2018,10.);
#601=VECTOR('',#2019,10.);
#602=VECTOR('',#2020,10.);
#603=VECTOR('',#2031,10.);
#604=VECTOR('',#2032,10.);
#605=VECTOR('',#2033,10.);
#606=VECTOR('',#2034,10.);
#607=VECTOR('',#2035,10.);
#608=VECTOR('',#2036,10.);
#609=VECTOR('',#2037,10.);
#610=VECTOR('',#2038,10.);
#611=VECTOR('',#2039,10.);
#612=VECTOR('',#2040,10.);
#613=VECTOR('',#2041,10.);
#614=VECTOR('',#2042,10.);
#615=VECTOR('',#2045,10.);
#616=VECTOR('',#2046,10.);
#617=VECTOR('',#2047,10.);
#618=VECTOR('',#2050,10.);
#619=VECTOR('',#2051,10.);
#620=VECTOR('',#2052,10.);
#621=VECTOR('',#2055,10.);
#622=VECTOR('',#2056,10.);
#623=VECTOR('',#2057,10.);
#624=VECTOR('',#2060,10.);
#625=VECTOR('',#2061,10.);
#626=VECTOR('',#2062,10.);
#627=VECTOR('',#2065,10.);
#628=VECTOR('',#2066,10.);
#629=VECTOR('',#2067,10.);
#630=VECTOR('',#2070,10.);
#631=VECTOR('',#2071,10.);
#632=VECTOR('',#2074,10.);
#633=VECTOR('',#2075,10.);
#634=VECTOR('',#2078,10.);
#635=VECTOR('',#2079,10.);
#636=VECTOR('',#2080,10.);
#637=VECTOR('',#2081,10.);
#638=VECTOR('',#2082,10.);
#639=VECTOR('',#2083,10.);
#640=VECTOR('',#2084,10.);
#641=VECTOR('',#2085,10.);
#642=VECTOR('',#2086,10.);
#643=VECTOR('',#2087,10.);
#644=VECTOR('',#2088,10.);
#645=VECTOR('',#2089,10.);
#646=VECTOR('',#2100,10.);
#647=VECTOR('',#2101,10.);
#648=VECTOR('',#2102,10.);
#649=VECTOR('',#2103,10.);
#650=VECTOR('',#2104,10.);
#651=VECTOR('',#2107,10.);
#652=VECTOR('',#2110,10.);
#653=VECTOR('',#2111,10.);
#654=VECTOR('',#2118,10.);
#655=VECTOR('',#2119,10.);
#656=VECTOR('',#2128,10.);
#657=VECTOR('',#2133,10.);
#658=VECTOR('',#2134,10.);
#659=VECTOR('',#2143,1.);
#660=VECTOR('',#2152,0.999999999999996);
#661=VECTOR('',#2161,1.);
#662=VECTOR('',#2170,0.999999999999996);
#663=VECTOR('',#2177,2.);
#664=VECTOR('',#2180,1.99999999999999);
#665=VECTOR('',#2183,1.99999999999999);
#666=VECTOR('',#2186,0.999999999999996);
#667=VECTOR('',#2189,2.);
#668=VECTOR('',#2192,10.);
#669=VECTOR('',#2193,10.);
#670=VECTOR('',#2196,10.);
#671=VECTOR('',#2199,10.);
#672=VECTOR('',#2204,10.);
#673=VECTOR('',#2205,10.);
#674=VECTOR('',#2206,10.);
#675=VECTOR('',#2207,10.);
#676=VECTOR('',#2220,10.);
#677=VECTOR('',#2221,10.);
#678=VECTOR('',#2222,10.);
#679=VECTOR('',#2225,10.);
#680=VECTOR('',#2226,10.);
#681=VECTOR('',#2229,10.);
#682=VECTOR('',#2230,10.);
#683=VECTOR('',#2235,1.99999999999999);
#684=VECTOR('',#2242,1.99999999999999);
#685=VECTOR('',#2249,1.99999999999999);
#686=VECTOR('',#2256,0.999999999999979);
#687=VECTOR('',#2261,1.99999999999999);
#688=VECTOR('',#2270,0.999999999999979);
#689=VECTOR('',#2277,0.999999999999996);
#690=VECTOR('',#2284,0.999999999999979);
#691=VECTOR('',#2291,0.999999999999996);
#692=VECTOR('',#2294,10.);
#693=VECTOR('',#2299,10.);
#694=VECTOR('',#2300,10.);
#695=VECTOR('',#2301,10.);
#696=VECTOR('',#2302,10.);
#697=VECTOR('',#2305,10.);
#698=VECTOR('',#2306,10.);
#699=VECTOR('',#2307,10.);
#700=VECTOR('',#2310,10.);
#701=VECTOR('',#2311,10.);
#702=VECTOR('',#2312,10.);
#703=VECTOR('',#2315,10.);
#704=VECTOR('',#2316,10.);
#705=VECTOR('',#2321,2.00000000000003);
#706=VECTOR('',#2328,2.00000000000003);
#707=VECTOR('',#2335,1.99999999999999);
#708=VECTOR('',#2342,1.99999999999999);
#709=VECTOR('',#2351,1.00000000000001);
#710=VECTOR('',#2360,1.00000000000001);
#711=VECTOR('',#2369,1.00000000000001);
#712=VECTOR('',#2374,10.);
#713=VECTOR('',#2375,10.);
#714=VECTOR('',#2376,10.);
#715=VECTOR('',#2377,10.);
#716=VECTOR('',#2380,10.);
#717=VECTOR('',#2381,10.);
#718=VECTOR('',#2382,10.);
#719=VECTOR('',#2385,10.);
#720=VECTOR('',#2386,10.);
#721=VECTOR('',#2393,1.00000000000001);
#722=VECTOR('',#2400,10.);
#723=VECTOR('',#2401,10.);
#724=VECTOR('',#2404,10.);
#725=VECTOR('',#2409,10.);
#726=VECTOR('',#2410,10.);
#727=VECTOR('',#2411,10.);
#728=VECTOR('',#2412,10.);
#729=VECTOR('',#2413,10.);
#730=VECTOR('',#2414,10.);
#731=VECTOR('',#2415,10.);
#732=VECTOR('',#2416,10.);
#733=VECTOR('',#2419,10.);
#734=VECTOR('',#2420,10.);
#735=VECTOR('',#2421,10.);
#736=VECTOR('',#2422,10.);
#737=VECTOR('',#2423,10.);
#738=VECTOR('',#2424,10.);
#739=VECTOR('',#2425,10.);
#740=VECTOR('',#2428,10.);
#741=VECTOR('',#2429,10.);
#742=VECTOR('',#2430,10.);
#743=VECTOR('',#2431,10.);
#744=VECTOR('',#2432,10.);
#745=VECTOR('',#2433,10.);
#746=VECTOR('',#2434,10.);
#747=VECTOR('',#2437,10.);
#748=VECTOR('',#2438,10.);
#749=VECTOR('',#2439,10.);
#750=VECTOR('',#2440,10.);
#751=VECTOR('',#2441,10.);
#752=VECTOR('',#2444,10.);
#753=VECTOR('',#2445,10.);
#754=VECTOR('',#2446,10.);
#755=VECTOR('',#2449,10.);
#756=VECTOR('',#2450,10.);
#757=VECTOR('',#2453,10.);
#758=VECTOR('',#2454,10.);
#759=VECTOR('',#2457,10.);
#760=VECTOR('',#2458,10.);
#761=VECTOR('',#2459,10.);
#762=VECTOR('',#2462,10.);
#763=VECTOR('',#2463,10.);
#764=VECTOR('',#2464,10.);
#765=VECTOR('',#2467,10.);
#766=VECTOR('',#2470,10.);
#767=VECTOR('',#2471,10.);
#768=VECTOR('',#2474,10.);
#769=VECTOR('',#2477,10.);
#770=VECTOR('',#2478,10.);
#771=VECTOR('',#2479,10.);
#772=VECTOR('',#2480,10.);
#773=VECTOR('',#2481,10.);
#774=VECTOR('',#2482,10.);
#775=VECTOR('',#2485,10.);
#776=VECTOR('',#2492,10.);
#777=VECTOR('',#2495,10.);
#778=VECTOR('',#2498,10.);
#779=VERTEX_POINT('',#2503);
#780=VERTEX_POINT('',#2504);
#781=VERTEX_POINT('',#2506);
#782=VERTEX_POINT('',#2508);
#783=VERTEX_POINT('',#2511);
#784=VERTEX_POINT('',#2512);
#785=VERTEX_POINT('',#2514);
#786=VERTEX_POINT('',#2516);
#787=VERTEX_POINT('',#2519);
#788=VERTEX_POINT('',#2520);
#789=VERTEX_POINT('',#2522);
#790=VERTEX_POINT('',#2524);
#791=VERTEX_POINT('',#2527);
#792=VERTEX_POINT('',#2529);
#793=VERTEX_POINT('',#2531);
#794=VERTEX_POINT('',#2533);
#795=VERTEX_POINT('',#2535);
#796=VERTEX_POINT('',#2537);
#797=VERTEX_POINT('',#2538);
#798=VERTEX_POINT('',#2540);
#799=VERTEX_POINT('',#2542);
#800=VERTEX_POINT('',#2545);
#801=VERTEX_POINT('',#2546);
#802=VERTEX_POINT('',#2548);
#803=VERTEX_POINT('',#2550);
#804=VERTEX_POINT('',#2553);
#805=VERTEX_POINT('',#2554);
#806=VERTEX_POINT('',#2556);
#807=VERTEX_POINT('',#2558);
#808=VERTEX_POINT('',#2562);
#809=VERTEX_POINT('',#2564);
#810=VERTEX_POINT('',#2568);
#811=VERTEX_POINT('',#2570);
#812=VERTEX_POINT('',#2574);
#813=VERTEX_POINT('',#2576);
#814=VERTEX_POINT('',#2580);
#815=VERTEX_POINT('',#2582);
#816=VERTEX_POINT('',#2586);
#817=VERTEX_POINT('',#2588);
#818=VERTEX_POINT('',#2592);
#819=VERTEX_POINT('',#2596);
#820=VERTEX_POINT('',#2600);
#821=VERTEX_POINT('',#2601);
#822=VERTEX_POINT('',#2603);
#823=VERTEX_POINT('',#2605);
#824=VERTEX_POINT('',#2608);
#825=VERTEX_POINT('',#2610);
#826=VERTEX_POINT('',#2613);
#827=VERTEX_POINT('',#2615);
#828=VERTEX_POINT('',#2618);
#829=VERTEX_POINT('',#2621);
#830=VERTEX_POINT('',#2623);
#831=VERTEX_POINT('',#2625);
#832=VERTEX_POINT('',#2627);
#833=VERTEX_POINT('',#2629);
#834=VERTEX_POINT('',#2631);
#835=VERTEX_POINT('',#2634);
#836=VERTEX_POINT('',#2636);
#837=VERTEX_POINT('',#2661);
#838=VERTEX_POINT('',#2665);
#839=VERTEX_POINT('',#2668);
#840=VERTEX_POINT('',#2672);
#841=VERTEX_POINT('',#2675);
#842=VERTEX_POINT('',#2679);
#843=VERTEX_POINT('',#2682);
#844=VERTEX_POINT('',#2686);
#845=VERTEX_POINT('',#2707);
#846=VERTEX_POINT('',#2708);
#847=VERTEX_POINT('',#2710);
#848=VERTEX_POINT('',#2712);
#849=VERTEX_POINT('',#2715);
#850=VERTEX_POINT('',#2717);
#851=VERTEX_POINT('',#2719);
#852=VERTEX_POINT('',#2721);
#853=VERTEX_POINT('',#2723);
#854=VERTEX_POINT('',#2726);
#855=VERTEX_POINT('',#2728);
#856=VERTEX_POINT('',#2732);
#857=VERTEX_POINT('',#2736);
#858=VERTEX_POINT('',#2740);
#859=VERTEX_POINT('',#2742);
#860=VERTEX_POINT('',#2746);
#861=VERTEX_POINT('',#2748);
#862=VERTEX_POINT('',#2752);
#863=VERTEX_POINT('',#2754);
#864=VERTEX_POINT('',#2758);
#865=VERTEX_POINT('',#2762);
#866=VERTEX_POINT('',#2764);
#867=VERTEX_POINT('',#2768);
#868=VERTEX_POINT('',#2773);
#869=VERTEX_POINT('',#2778);
#870=VERTEX_POINT('',#2783);
#871=VERTEX_POINT('',#2791);
#872=VERTEX_POINT('',#2792);
#873=VERTEX_POINT('',#2794);
#874=VERTEX_POINT('',#2796);
#875=VERTEX_POINT('',#2800);
#876=VERTEX_POINT('',#2802);
#877=VERTEX_POINT('',#2806);
#878=VERTEX_POINT('',#2808);
#879=VERTEX_POINT('',#2815);
#880=VERTEX_POINT('',#2817);
#881=VERTEX_POINT('',#2821);
#882=VERTEX_POINT('',#2823);
#883=VERTEX_POINT('',#2827);
#884=VERTEX_POINT('',#2829);
#885=VERTEX_POINT('',#2833);
#886=VERTEX_POINT('',#2835);
#887=VERTEX_POINT('',#2839);
#888=VERTEX_POINT('',#2842);
#889=VERTEX_POINT('',#2846);
#890=VERTEX_POINT('',#2849);
#891=VERTEX_POINT('',#2853);
#892=VERTEX_POINT('',#2856);
#893=VERTEX_POINT('',#2860);
#894=VERTEX_POINT('',#2861);
#895=VERTEX_POINT('',#2863);
#896=VERTEX_POINT('',#2865);
#897=VERTEX_POINT('',#2869);
#898=VERTEX_POINT('',#2870);
#899=VERTEX_POINT('',#2875);
#900=VERTEX_POINT('',#2879);
#901=VERTEX_POINT('',#2882);
#902=VERTEX_POINT('',#2887);
#903=VERTEX_POINT('',#2894);
#904=VERTEX_POINT('',#2895);
#905=VERTEX_POINT('',#2897);
#906=VERTEX_POINT('',#2899);
#907=VERTEX_POINT('',#2901);
#908=VERTEX_POINT('',#2903);
#909=VERTEX_POINT('',#2905);
#910=VERTEX_POINT('',#2907);
#911=VERTEX_POINT('',#2911);
#912=VERTEX_POINT('',#2913);
#913=VERTEX_POINT('',#2915);
#914=VERTEX_POINT('',#2917);
#915=VERTEX_POINT('',#2919);
#916=VERTEX_POINT('',#2921);
#917=VERTEX_POINT('',#2925);
#918=VERTEX_POINT('',#2927);
#919=VERTEX_POINT('',#2929);
#920=VERTEX_POINT('',#2931);
#921=VERTEX_POINT('',#2933);
#922=VERTEX_POINT('',#2935);
#923=VERTEX_POINT('',#2939);
#924=VERTEX_POINT('',#2940);
#925=VERTEX_POINT('',#2943);
#926=VERTEX_POINT('',#2945);
#927=VERTEX_POINT('',#2949);
#928=VERTEX_POINT('',#2950);
#929=VERTEX_POINT('',#2955);
#930=VERTEX_POINT('',#2959);
#931=VERTEX_POINT('',#2963);
#932=VERTEX_POINT('',#2964);
#933=VERTEX_POINT('',#2969);
#934=VERTEX_POINT('',#2971);
#935=VERTEX_POINT('',#2977);
#936=VERTEX_POINT('',#2984);
#937=VERTEX_POINT('',#2986);
#938=VERTEX_POINT('',#2988);
#939=EDGE_CURVE('',#779,#780,#403,.T.);
#940=EDGE_CURVE('',#781,#779,#404,.T.);
#941=EDGE_CURVE('',#782,#781,#405,.T.);
#942=EDGE_CURVE('',#782,#780,#406,.T.);
#943=EDGE_CURVE('',#783,#784,#407,.T.);
#944=EDGE_CURVE('',#785,#783,#408,.T.);
#945=EDGE_CURVE('',#785,#786,#409,.T.);
#946=EDGE_CURVE('',#786,#784,#410,.T.);
#947=EDGE_CURVE('',#787,#788,#411,.T.);
#948=EDGE_CURVE('',#787,#789,#412,.T.);
#949=EDGE_CURVE('',#789,#790,#413,.T.);
#950=EDGE_CURVE('',#790,#788,#414,.T.);
#951=EDGE_CURVE('',#791,#791,#47,.T.);
#952=EDGE_CURVE('',#792,#792,#48,.T.);
#953=EDGE_CURVE('',#793,#793,#49,.T.);
#954=EDGE_CURVE('',#794,#794,#50,.T.);
#955=EDGE_CURVE('',#795,#795,#51,.T.);
#956=EDGE_CURVE('',#796,#797,#415,.T.);
#957=EDGE_CURVE('',#796,#798,#416,.T.);
#958=EDGE_CURVE('',#798,#799,#417,.T.);
#959=EDGE_CURVE('',#797,#799,#418,.T.);
#960=EDGE_CURVE('',#800,#801,#419,.T.);
#961=EDGE_CURVE('',#802,#800,#420,.T.);
#962=EDGE_CURVE('',#802,#803,#421,.T.);
#963=EDGE_CURVE('',#803,#801,#422,.T.);
#964=EDGE_CURVE('',#804,#805,#423,.T.);
#965=EDGE_CURVE('',#804,#806,#424,.T.);
#966=EDGE_CURVE('',#806,#807,#425,.T.);
#967=EDGE_CURVE('',#805,#807,#426,.T.);
#968=EDGE_CURVE('',#808,#801,#427,.T.);
#969=EDGE_CURVE('',#808,#809,#428,.T.);
#970=EDGE_CURVE('',#800,#809,#429,.T.);
#971=EDGE_CURVE('',#797,#810,#430,.T.);
#972=EDGE_CURVE('',#799,#811,#431,.T.);
#973=EDGE_CURVE('',#811,#810,#432,.T.);
#974=EDGE_CURVE('',#812,#784,#433,.T.);
#975=EDGE_CURVE('',#812,#813,#434,.T.);
#976=EDGE_CURVE('',#783,#813,#435,.T.);
#977=EDGE_CURVE('',#814,#788,#436,.T.);
#978=EDGE_CURVE('',#814,#815,#437,.T.);
#979=EDGE_CURVE('',#787,#815,#438,.T.);
#980=EDGE_CURVE('',#805,#816,#439,.T.);
#981=EDGE_CURVE('',#817,#807,#440,.T.);
#982=EDGE_CURVE('',#817,#816,#441,.T.);
#983=EDGE_CURVE('',#816,#818,#442,.T.);
#984=EDGE_CURVE('',#818,#804,#443,.T.);
#985=EDGE_CURVE('',#790,#819,#444,.T.);
#986=EDGE_CURVE('',#819,#814,#445,.T.);
#987=EDGE_CURVE('',#820,#821,#446,.T.);
#988=EDGE_CURVE('',#822,#820,#447,.T.);
#989=EDGE_CURVE('',#823,#822,#448,.T.);
#990=EDGE_CURVE('',#821,#823,#449,.T.);
#991=EDGE_CURVE('',#824,#808,#450,.T.);
#992=EDGE_CURVE('',#825,#824,#451,.T.);
#993=EDGE_CURVE('',#809,#825,#452,.T.);
#994=EDGE_CURVE('',#826,#812,#453,.T.);
#995=EDGE_CURVE('',#827,#826,#454,.T.);
#996=EDGE_CURVE('',#813,#827,#455,.T.);
#997=EDGE_CURVE('',#828,#817,#456,.T.);
#998=EDGE_CURVE('',#818,#828,#457,.T.);
#999=EDGE_CURVE('',#829,#829,#52,.T.);
#1000=EDGE_CURVE('',#830,#830,#53,.T.);
#1001=EDGE_CURVE('',#831,#831,#54,.T.);
#1002=EDGE_CURVE('',#832,#832,#55,.T.);
#1003=EDGE_CURVE('',#833,#833,#56,.T.);
#1004=EDGE_CURVE('',#834,#819,#458,.T.);
#1005=EDGE_CURVE('',#815,#834,#459,.T.);
#1006=EDGE_CURVE('',#835,#811,#460,.T.);
#1007=EDGE_CURVE('',#836,#835,#461,.T.);
#1008=EDGE_CURVE('',#810,#836,#462,.T.);
#1009=EDGE_CURVE('',#806,#828,#463,.T.);
#1010=EDGE_CURVE('',#803,#824,#464,.T.);
#1011=EDGE_CURVE('',#825,#802,#465,.T.);
#1012=EDGE_CURVE('',#786,#826,#466,.T.);
#1013=EDGE_CURVE('',#827,#785,#467,.T.);
#1014=EDGE_CURVE('',#834,#789,#468,.T.);
#1015=EDGE_CURVE('',#798,#835,#469,.T.);
#1016=EDGE_CURVE('',#836,#796,#470,.T.);
#1017=EDGE_CURVE('',#837,#837,#57,.T.);
#1018=EDGE_CURVE('',#837,#794,#471,.T.);
#1019=EDGE_CURVE('',#838,#838,#58,.T.);
#1020=EDGE_CURVE('',#839,#839,#59,.T.);
#1021=EDGE_CURVE('',#839,#793,#472,.T.);
#1022=EDGE_CURVE('',#840,#840,#60,.T.);
#1023=EDGE_CURVE('',#841,#841,#61,.T.);
#1024=EDGE_CURVE('',#841,#792,#473,.T.);
#1025=EDGE_CURVE('',#842,#842,#62,.T.);
#1026=EDGE_CURVE('',#843,#843,#63,.T.);
#1027=EDGE_CURVE('',#843,#791,#474,.T.);
#1028=EDGE_CURVE('',#844,#844,#64,.T.);
#1029=EDGE_CURVE('',#833,#838,#475,.T.);
#1030=EDGE_CURVE('',#832,#844,#476,.T.);
#1031=EDGE_CURVE('',#831,#840,#477,.T.);
#1032=EDGE_CURVE('',#829,#795,#478,.T.);
#1033=EDGE_CURVE('',#830,#842,#479,.T.);
#1034=EDGE_CURVE('',#782,#822,#480,.T.);
#1035=EDGE_CURVE('',#820,#780,#481,.T.);
#1036=EDGE_CURVE('',#781,#823,#482,.T.);
#1037=EDGE_CURVE('',#779,#821,#483,.T.);
#1038=EDGE_CURVE('',#845,#846,#484,.T.);
#1039=EDGE_CURVE('',#845,#847,#485,.T.);
#1040=EDGE_CURVE('',#847,#848,#486,.T.);
#1041=EDGE_CURVE('',#846,#848,#487,.T.);
#1042=EDGE_CURVE('',#849,#849,#65,.T.);
#1043=EDGE_CURVE('',#850,#850,#66,.T.);
#1044=EDGE_CURVE('',#851,#851,#67,.T.);
#1045=EDGE_CURVE('',#852,#852,#68,.T.);
#1046=EDGE_CURVE('',#853,#853,#69,.T.);
#1047=EDGE_CURVE('',#847,#854,#488,.T.);
#1048=EDGE_CURVE('',#854,#855,#489,.T.);
#1049=EDGE_CURVE('',#848,#855,#490,.T.);
#1050=EDGE_CURVE('',#855,#856,#491,.T.);
#1051=EDGE_CURVE('',#846,#856,#492,.T.);
#1052=EDGE_CURVE('',#857,#845,#493,.T.);
#1053=EDGE_CURVE('',#857,#854,#494,.T.);
#1054=EDGE_CURVE('',#858,#858,#70,.T.);
#1055=EDGE_CURVE('',#858,#859,#495,.T.);
#1056=EDGE_CURVE('',#859,#859,#71,.T.);
#1057=EDGE_CURVE('',#860,#860,#72,.T.);
#1058=EDGE_CURVE('',#860,#861,#496,.T.);
#1059=EDGE_CURVE('',#861,#861,#73,.T.);
#1060=EDGE_CURVE('',#862,#862,#74,.T.);
#1061=EDGE_CURVE('',#862,#863,#497,.T.);
#1062=EDGE_CURVE('',#863,#863,#75,.T.);
#1063=EDGE_CURVE('',#864,#864,#76,.T.);
#1064=EDGE_CURVE('',#864,#849,#498,.T.);
#1065=EDGE_CURVE('',#865,#865,#77,.T.);
#1066=EDGE_CURVE('',#865,#866,#499,.T.);
#1067=EDGE_CURVE('',#866,#866,#78,.T.);
#1068=EDGE_CURVE('',#867,#867,#79,.T.);
#1069=EDGE_CURVE('',#867,#853,#500,.T.);
#1070=EDGE_CURVE('',#868,#868,#80,.T.);
#1071=EDGE_CURVE('',#868,#852,#501,.T.);
#1072=EDGE_CURVE('',#869,#869,#81,.T.);
#1073=EDGE_CURVE('',#869,#851,#502,.T.);
#1074=EDGE_CURVE('',#870,#870,#82,.T.);
#1075=EDGE_CURVE('',#870,#850,#503,.T.);
#1076=EDGE_CURVE('',#856,#857,#504,.T.);
#1077=EDGE_CURVE('',#871,#872,#505,.T.);
#1078=EDGE_CURVE('',#871,#873,#506,.T.);
#1079=EDGE_CURVE('',#873,#874,#507,.T.);
#1080=EDGE_CURVE('',#872,#874,#508,.T.);
#1081=EDGE_CURVE('',#872,#875,#509,.T.);
#1082=EDGE_CURVE('',#874,#876,#510,.T.);
#1083=EDGE_CURVE('',#875,#876,#511,.T.);
#1084=EDGE_CURVE('',#875,#877,#512,.T.);
#1085=EDGE_CURVE('',#876,#878,#513,.T.);
#1086=EDGE_CURVE('',#877,#878,#514,.T.);
#1087=EDGE_CURVE('',#871,#877,#515,.T.);
#1088=EDGE_CURVE('',#878,#873,#516,.T.);
#1089=EDGE_CURVE('',#879,#879,#83,.T.);
#1090=EDGE_CURVE('',#879,#880,#517,.T.);
#1091=EDGE_CURVE('',#880,#880,#84,.T.);
#1092=EDGE_CURVE('',#881,#881,#85,.T.);
#1093=EDGE_CURVE('',#881,#882,#518,.T.);
#1094=EDGE_CURVE('',#882,#882,#86,.T.);
#1095=EDGE_CURVE('',#883,#883,#87,.T.);
#1096=EDGE_CURVE('',#883,#884,#519,.T.);
#1097=EDGE_CURVE('',#884,#884,#88,.T.);
#1098=EDGE_CURVE('',#885,#885,#89,.T.);
#1099=EDGE_CURVE('',#885,#886,#520,.T.);
#1100=EDGE_CURVE('',#886,#886,#90,.T.);
#1101=EDGE_CURVE('',#887,#887,#91,.T.);
#1102=EDGE_CURVE('',#887,#888,#521,.T.);
#1103=EDGE_CURVE('',#888,#888,#92,.T.);
#1104=EDGE_CURVE('',#889,#889,#93,.T.);
#1105=EDGE_CURVE('',#889,#890,#522,.T.);
#1106=EDGE_CURVE('',#890,#890,#94,.T.);
#1107=EDGE_CURVE('',#891,#891,#95,.T.);
#1108=EDGE_CURVE('',#891,#892,#523,.T.);
#1109=EDGE_CURVE('',#892,#892,#96,.T.);
#1110=EDGE_CURVE('',#893,#894,#524,.T.);
#1111=EDGE_CURVE('',#893,#895,#525,.T.);
#1112=EDGE_CURVE('',#895,#896,#526,.T.);
#1113=EDGE_CURVE('',#894,#896,#527,.T.);
#1114=EDGE_CURVE('',#897,#898,#528,.T.);
#1115=EDGE_CURVE('',#898,#895,#529,.T.);
#1116=EDGE_CURVE('',#897,#893,#530,.T.);
#1117=EDGE_CURVE('',#899,#897,#531,.T.);
#1118=EDGE_CURVE('',#894,#899,#532,.T.);
#1119=EDGE_CURVE('',#900,#900,#97,.T.);
#1120=EDGE_CURVE('',#900,#901,#533,.T.);
#1121=EDGE_CURVE('',#901,#901,#98,.T.);
#1122=EDGE_CURVE('',#902,#899,#534,.T.);
#1123=EDGE_CURVE('',#896,#902,#535,.T.);
#1124=EDGE_CURVE('',#898,#902,#536,.T.);
#1125=EDGE_CURVE('',#903,#904,#537,.T.);
#1126=EDGE_CURVE('',#904,#905,#538,.T.);
#1127=EDGE_CURVE('',#905,#906,#539,.T.);
#1128=EDGE_CURVE('',#907,#906,#540,.T.);
#1129=EDGE_CURVE('',#907,#908,#541,.T.);
#1130=EDGE_CURVE('',#909,#908,#542,.T.);
#1131=EDGE_CURVE('',#910,#909,#543,.T.);
#1132=EDGE_CURVE('',#903,#910,#544,.T.);
#1133=EDGE_CURVE('',#911,#906,#545,.T.);
#1134=EDGE_CURVE('',#911,#912,#546,.T.);
#1135=EDGE_CURVE('',#912,#913,#547,.T.);
#1136=EDGE_CURVE('',#914,#913,#548,.T.);
#1137=EDGE_CURVE('',#915,#914,#549,.T.);
#1138=EDGE_CURVE('',#916,#915,#550,.T.);
#1139=EDGE_CURVE('',#907,#916,#551,.T.);
#1140=EDGE_CURVE('',#917,#903,#552,.T.);
#1141=EDGE_CURVE('',#918,#910,#553,.T.);
#1142=EDGE_CURVE('',#918,#919,#554,.T.);
#1143=EDGE_CURVE('',#919,#920,#555,.T.);
#1144=EDGE_CURVE('',#920,#921,#556,.T.);
#1145=EDGE_CURVE('',#921,#922,#557,.T.);
#1146=EDGE_CURVE('',#922,#917,#558,.T.);
#1147=EDGE_CURVE('',#923,#924,#559,.T.);
#1148=EDGE_CURVE('',#913,#923,#560,.T.);
#1149=EDGE_CURVE('',#912,#925,#561,.T.);
#1150=EDGE_CURVE('',#925,#926,#562,.T.);
#1151=EDGE_CURVE('',#926,#924,#563,.T.);
#1152=EDGE_CURVE('',#927,#928,#564,.T.);
#1153=EDGE_CURVE('',#921,#927,#565,.T.);
#1154=EDGE_CURVE('',#920,#928,#566,.T.);
#1155=EDGE_CURVE('',#928,#929,#567,.T.);
#1156=EDGE_CURVE('',#919,#929,#568,.T.);
#1157=EDGE_CURVE('',#929,#930,#569,.T.);
#1158=EDGE_CURVE('',#918,#930,#570,.T.);
#1159=EDGE_CURVE('',#931,#932,#571,.T.);
#1160=EDGE_CURVE('',#917,#932,#572,.T.);
#1161=EDGE_CURVE('',#922,#931,#573,.T.);
#1162=EDGE_CURVE('',#933,#927,#574,.T.);
#1163=EDGE_CURVE('',#933,#934,#575,.T.);
#1164=EDGE_CURVE('',#934,#931,#576,.T.);
#1165=EDGE_CURVE('',#932,#904,#577,.T.);
#1166=EDGE_CURVE('',#935,#905,#578,.T.);
#1167=EDGE_CURVE('',#911,#935,#579,.T.);
#1168=EDGE_CURVE('',#935,#925,#580,.T.);
#1169=EDGE_CURVE('',#930,#909,#581,.T.);
#1170=EDGE_CURVE('',#908,#936,#582,.T.);
#1171=EDGE_CURVE('',#936,#937,#583,.T.);
#1172=EDGE_CURVE('',#937,#938,#584,.T.);
#1173=EDGE_CURVE('',#938,#923,#585,.T.);
#1174=EDGE_CURVE('',#933,#924,#586,.T.);
#1175=EDGE_CURVE('',#926,#934,#587,.T.);
#1176=EDGE_CURVE('',#916,#936,#588,.T.);
#1177=EDGE_CURVE('',#915,#937,#589,.T.);
#1178=EDGE_CURVE('',#914,#938,#590,.T.);
#1179=ORIENTED_EDGE('',*,*,#939,.F.);
#1180=ORIENTED_EDGE('',*,*,#940,.F.);
#1181=ORIENTED_EDGE('',*,*,#941,.F.);
#1182=ORIENTED_EDGE('',*,*,#942,.T.);
#1183=ORIENTED_EDGE('',*,*,#943,.F.);
#1184=ORIENTED_EDGE('',*,*,#944,.F.);
#1185=ORIENTED_EDGE('',*,*,#945,.T.);
#1186=ORIENTED_EDGE('',*,*,#946,.T.);
#1187=ORIENTED_EDGE('',*,*,#947,.F.);
#1188=ORIENTED_EDGE('',*,*,#948,.T.);
#1189=ORIENTED_EDGE('',*,*,#949,.T.);
#1190=ORIENTED_EDGE('',*,*,#950,.T.);
#1191=ORIENTED_EDGE('',*,*,#951,.T.);
#1192=ORIENTED_EDGE('',*,*,#952,.T.);
#1193=ORIENTED_EDGE('',*,*,#953,.T.);
#1194=ORIENTED_EDGE('',*,*,#954,.T.);
#1195=ORIENTED_EDGE('',*,*,#955,.T.);
#1196=ORIENTED_EDGE('',*,*,#956,.F.);
#1197=ORIENTED_EDGE('',*,*,#957,.T.);
#1198=ORIENTED_EDGE('',*,*,#958,.T.);
#1199=ORIENTED_EDGE('',*,*,#959,.F.);
#1200=ORIENTED_EDGE('',*,*,#960,.F.);
#1201=ORIENTED_EDGE('',*,*,#961,.F.);
#1202=ORIENTED_EDGE('',*,*,#962,.T.);
#1203=ORIENTED_EDGE('',*,*,#963,.T.);
#1204=ORIENTED_EDGE('',*,*,#964,.F.);
#1205=ORIENTED_EDGE('',*,*,#965,.T.);
#1206=ORIENTED_EDGE('',*,*,#966,.T.);
#1207=ORIENTED_EDGE('',*,*,#967,.F.);
#1208=ORIENTED_EDGE('',*,*,#968,.F.);
#1209=ORIENTED_EDGE('',*,*,#969,.T.);
#1210=ORIENTED_EDGE('',*,*,#970,.F.);
#1211=ORIENTED_EDGE('',*,*,#960,.T.);
#1212=ORIENTED_EDGE('',*,*,#971,.F.);
#1213=ORIENTED_EDGE('',*,*,#959,.T.);
#1214=ORIENTED_EDGE('',*,*,#972,.T.);
#1215=ORIENTED_EDGE('',*,*,#973,.T.);
#1216=ORIENTED_EDGE('',*,*,#974,.F.);
#1217=ORIENTED_EDGE('',*,*,#975,.T.);
#1218=ORIENTED_EDGE('',*,*,#976,.F.);
#1219=ORIENTED_EDGE('',*,*,#943,.T.);
#1220=ORIENTED_EDGE('',*,*,#977,.F.);
#1221=ORIENTED_EDGE('',*,*,#978,.T.);
#1222=ORIENTED_EDGE('',*,*,#979,.F.);
#1223=ORIENTED_EDGE('',*,*,#947,.T.);
#1224=ORIENTED_EDGE('',*,*,#980,.F.);
#1225=ORIENTED_EDGE('',*,*,#967,.T.);
#1226=ORIENTED_EDGE('',*,*,#981,.F.);
#1227=ORIENTED_EDGE('',*,*,#982,.T.);
#1228=ORIENTED_EDGE('',*,*,#980,.T.);
#1229=ORIENTED_EDGE('',*,*,#983,.T.);
#1230=ORIENTED_EDGE('',*,*,#984,.T.);
#1231=ORIENTED_EDGE('',*,*,#964,.T.);
#1232=ORIENTED_EDGE('',*,*,#977,.T.);
#1233=ORIENTED_EDGE('',*,*,#950,.F.);
#1234=ORIENTED_EDGE('',*,*,#985,.T.);
#1235=ORIENTED_EDGE('',*,*,#986,.T.);
#1236=ORIENTED_EDGE('',*,*,#987,.F.);
#1237=ORIENTED_EDGE('',*,*,#988,.F.);
#1238=ORIENTED_EDGE('',*,*,#989,.F.);
#1239=ORIENTED_EDGE('',*,*,#990,.F.);
#1240=ORIENTED_EDGE('',*,*,#991,.F.);
#1241=ORIENTED_EDGE('',*,*,#992,.F.);
#1242=ORIENTED_EDGE('',*,*,#993,.F.);
#1243=ORIENTED_EDGE('',*,*,#969,.F.);
#1244=ORIENTED_EDGE('',*,*,#994,.F.);
#1245=ORIENTED_EDGE('',*,*,#995,.F.);
#1246=ORIENTED_EDGE('',*,*,#996,.F.);
#1247=ORIENTED_EDGE('',*,*,#975,.F.);
#1248=ORIENTED_EDGE('',*,*,#982,.F.);
#1249=ORIENTED_EDGE('',*,*,#997,.F.);
#1250=ORIENTED_EDGE('',*,*,#998,.F.);
#1251=ORIENTED_EDGE('',*,*,#983,.F.);
#1252=ORIENTED_EDGE('',*,*,#999,.F.);
#1253=ORIENTED_EDGE('',*,*,#1000,.F.);
#1254=ORIENTED_EDGE('',*,*,#1001,.F.);
#1255=ORIENTED_EDGE('',*,*,#1002,.F.);
#1256=ORIENTED_EDGE('',*,*,#1003,.F.);
#1257=ORIENTED_EDGE('',*,*,#986,.F.);
#1258=ORIENTED_EDGE('',*,*,#1004,.F.);
#1259=ORIENTED_EDGE('',*,*,#1005,.F.);
#1260=ORIENTED_EDGE('',*,*,#978,.F.);
#1261=ORIENTED_EDGE('',*,*,#973,.F.);
#1262=ORIENTED_EDGE('',*,*,#1006,.F.);
#1263=ORIENTED_EDGE('',*,*,#1007,.F.);
#1264=ORIENTED_EDGE('',*,*,#1008,.F.);
#1265=ORIENTED_EDGE('',*,*,#981,.T.);
#1266=ORIENTED_EDGE('',*,*,#966,.F.);
#1267=ORIENTED_EDGE('',*,*,#1009,.T.);
#1268=ORIENTED_EDGE('',*,*,#997,.T.);
#1269=ORIENTED_EDGE('',*,*,#992,.T.);
#1270=ORIENTED_EDGE('',*,*,#1010,.F.);
#1271=ORIENTED_EDGE('',*,*,#962,.F.);
#1272=ORIENTED_EDGE('',*,*,#1011,.F.);
#1273=ORIENTED_EDGE('',*,*,#968,.T.);
#1274=ORIENTED_EDGE('',*,*,#963,.F.);
#1275=ORIENTED_EDGE('',*,*,#1010,.T.);
#1276=ORIENTED_EDGE('',*,*,#991,.T.);
#1277=ORIENTED_EDGE('',*,*,#970,.T.);
#1278=ORIENTED_EDGE('',*,*,#993,.T.);
#1279=ORIENTED_EDGE('',*,*,#1011,.T.);
#1280=ORIENTED_EDGE('',*,*,#961,.T.);
#1281=ORIENTED_EDGE('',*,*,#995,.T.);
#1282=ORIENTED_EDGE('',*,*,#1012,.F.);
#1283=ORIENTED_EDGE('',*,*,#945,.F.);
#1284=ORIENTED_EDGE('',*,*,#1013,.F.);
#1285=ORIENTED_EDGE('',*,*,#974,.T.);
#1286=ORIENTED_EDGE('',*,*,#946,.F.);
#1287=ORIENTED_EDGE('',*,*,#1012,.T.);
#1288=ORIENTED_EDGE('',*,*,#994,.T.);
#1289=ORIENTED_EDGE('',*,*,#1013,.T.);
#1290=ORIENTED_EDGE('',*,*,#944,.T.);
#1291=ORIENTED_EDGE('',*,*,#976,.T.);
#1292=ORIENTED_EDGE('',*,*,#996,.T.);
#1293=ORIENTED_EDGE('',*,*,#998,.T.);
#1294=ORIENTED_EDGE('',*,*,#1009,.F.);
#1295=ORIENTED_EDGE('',*,*,#965,.F.);
#1296=ORIENTED_EDGE('',*,*,#984,.F.);
#1297=ORIENTED_EDGE('',*,*,#1004,.T.);
#1298=ORIENTED_EDGE('',*,*,#985,.F.);
#1299=ORIENTED_EDGE('',*,*,#949,.F.);
#1300=ORIENTED_EDGE('',*,*,#1014,.F.);
#1301=ORIENTED_EDGE('',*,*,#979,.T.);
#1302=ORIENTED_EDGE('',*,*,#1005,.T.);
#1303=ORIENTED_EDGE('',*,*,#1014,.T.);
#1304=ORIENTED_EDGE('',*,*,#948,.F.);
#1305=ORIENTED_EDGE('',*,*,#1007,.T.);
#1306=ORIENTED_EDGE('',*,*,#1015,.F.);
#1307=ORIENTED_EDGE('',*,*,#957,.F.);
#1308=ORIENTED_EDGE('',*,*,#1016,.F.);
#1309=ORIENTED_EDGE('',*,*,#1015,.T.);
#1310=ORIENTED_EDGE('',*,*,#1006,.T.);
#1311=ORIENTED_EDGE('',*,*,#972,.F.);
#1312=ORIENTED_EDGE('',*,*,#958,.F.);
#1313=ORIENTED_EDGE('',*,*,#1016,.T.);
#1314=ORIENTED_EDGE('',*,*,#956,.T.);
#1315=ORIENTED_EDGE('',*,*,#971,.T.);
#1316=ORIENTED_EDGE('',*,*,#1008,.T.);
#1317=ORIENTED_EDGE('',*,*,#1017,.T.);
#1318=ORIENTED_EDGE('',*,*,#1018,.T.);
#1319=ORIENTED_EDGE('',*,*,#954,.F.);
#1320=ORIENTED_EDGE('',*,*,#1018,.F.);
#1321=ORIENTED_EDGE('',*,*,#1019,.T.);
#1322=ORIENTED_EDGE('',*,*,#1017,.F.);
#1323=ORIENTED_EDGE('',*,*,#1020,.T.);
#1324=ORIENTED_EDGE('',*,*,#1021,.T.);
#1325=ORIENTED_EDGE('',*,*,#953,.F.);
#1326=ORIENTED_EDGE('',*,*,#1021,.F.);
#1327=ORIENTED_EDGE('',*,*,#1022,.T.);
#1328=ORIENTED_EDGE('',*,*,#1020,.F.);
#1329=ORIENTED_EDGE('',*,*,#1023,.T.);
#1330=ORIENTED_EDGE('',*,*,#1024,.T.);
#1331=ORIENTED_EDGE('',*,*,#952,.F.);
#1332=ORIENTED_EDGE('',*,*,#1024,.F.);
#1333=ORIENTED_EDGE('',*,*,#1025,.T.);
#1334=ORIENTED_EDGE('',*,*,#1023,.F.);
#1335=ORIENTED_EDGE('',*,*,#1026,.T.);
#1336=ORIENTED_EDGE('',*,*,#1027,.T.);
#1337=ORIENTED_EDGE('',*,*,#951,.F.);
#1338=ORIENTED_EDGE('',*,*,#1027,.F.);
#1339=ORIENTED_EDGE('',*,*,#1028,.T.);
#1340=ORIENTED_EDGE('',*,*,#1026,.F.);
#1341=ORIENTED_EDGE('',*,*,#1003,.T.);
#1342=ORIENTED_EDGE('',*,*,#1029,.T.);
#1343=ORIENTED_EDGE('',*,*,#1019,.F.);
#1344=ORIENTED_EDGE('',*,*,#1029,.F.);
#1345=ORIENTED_EDGE('',*,*,#1002,.T.);
#1346=ORIENTED_EDGE('',*,*,#1030,.T.);
#1347=ORIENTED_EDGE('',*,*,#1028,.F.);
#1348=ORIENTED_EDGE('',*,*,#1030,.F.);
#1349=ORIENTED_EDGE('',*,*,#1001,.T.);
#1350=ORIENTED_EDGE('',*,*,#1031,.T.);
#1351=ORIENTED_EDGE('',*,*,#1022,.F.);
#1352=ORIENTED_EDGE('',*,*,#1031,.F.);
#1353=ORIENTED_EDGE('',*,*,#999,.T.);
#1354=ORIENTED_EDGE('',*,*,#1032,.T.);
#1355=ORIENTED_EDGE('',*,*,#955,.F.);
#1356=ORIENTED_EDGE('',*,*,#1032,.F.);
#1357=ORIENTED_EDGE('',*,*,#1000,.T.);
#1358=ORIENTED_EDGE('',*,*,#1033,.T.);
#1359=ORIENTED_EDGE('',*,*,#1025,.F.);
#1360=ORIENTED_EDGE('',*,*,#1033,.F.);
#1361=ORIENTED_EDGE('',*,*,#942,.F.);
#1362=ORIENTED_EDGE('',*,*,#1034,.T.);
#1363=ORIENTED_EDGE('',*,*,#988,.T.);
#1364=ORIENTED_EDGE('',*,*,#1035,.T.);
#1365=ORIENTED_EDGE('',*,*,#941,.T.);
#1366=ORIENTED_EDGE('',*,*,#1036,.T.);
#1367=ORIENTED_EDGE('',*,*,#989,.T.);
#1368=ORIENTED_EDGE('',*,*,#1034,.F.);
#1369=ORIENTED_EDGE('',*,*,#940,.T.);
#1370=ORIENTED_EDGE('',*,*,#1037,.T.);
#1371=ORIENTED_EDGE('',*,*,#990,.T.);
#1372=ORIENTED_EDGE('',*,*,#1036,.F.);
#1373=ORIENTED_EDGE('',*,*,#987,.T.);
#1374=ORIENTED_EDGE('',*,*,#1037,.F.);
#1375=ORIENTED_EDGE('',*,*,#939,.T.);
#1376=ORIENTED_EDGE('',*,*,#1035,.F.);
#1377=ORIENTED_EDGE('',*,*,#1038,.F.);
#1378=ORIENTED_EDGE('',*,*,#1039,.T.);
#1379=ORIENTED_EDGE('',*,*,#1040,.T.);
#1380=ORIENTED_EDGE('',*,*,#1041,.F.);
#1381=ORIENTED_EDGE('',*,*,#1042,.T.);
#1382=ORIENTED_EDGE('',*,*,#1043,.T.);
#1383=ORIENTED_EDGE('',*,*,#1044,.T.);
#1384=ORIENTED_EDGE('',*,*,#1045,.T.);
#1385=ORIENTED_EDGE('',*,*,#1046,.T.);
#1386=ORIENTED_EDGE('',*,*,#1040,.F.);
#1387=ORIENTED_EDGE('',*,*,#1047,.T.);
#1388=ORIENTED_EDGE('',*,*,#1048,.T.);
#1389=ORIENTED_EDGE('',*,*,#1049,.F.);
#1390=ORIENTED_EDGE('',*,*,#1041,.T.);
#1391=ORIENTED_EDGE('',*,*,#1049,.T.);
#1392=ORIENTED_EDGE('',*,*,#1050,.T.);
#1393=ORIENTED_EDGE('',*,*,#1051,.F.);
#1394=ORIENTED_EDGE('',*,*,#1052,.F.);
#1395=ORIENTED_EDGE('',*,*,#1053,.T.);
#1396=ORIENTED_EDGE('',*,*,#1047,.F.);
#1397=ORIENTED_EDGE('',*,*,#1039,.F.);
#1398=ORIENTED_EDGE('',*,*,#1054,.T.);
#1399=ORIENTED_EDGE('',*,*,#1055,.T.);
#1400=ORIENTED_EDGE('',*,*,#1056,.F.);
#1401=ORIENTED_EDGE('',*,*,#1055,.F.);
#1402=ORIENTED_EDGE('',*,*,#1057,.T.);
#1403=ORIENTED_EDGE('',*,*,#1058,.T.);
#1404=ORIENTED_EDGE('',*,*,#1059,.F.);
#1405=ORIENTED_EDGE('',*,*,#1058,.F.);
#1406=ORIENTED_EDGE('',*,*,#1060,.T.);
#1407=ORIENTED_EDGE('',*,*,#1061,.T.);
#1408=ORIENTED_EDGE('',*,*,#1062,.F.);
#1409=ORIENTED_EDGE('',*,*,#1061,.F.);
#1410=ORIENTED_EDGE('',*,*,#1063,.T.);
#1411=ORIENTED_EDGE('',*,*,#1064,.T.);
#1412=ORIENTED_EDGE('',*,*,#1042,.F.);
#1413=ORIENTED_EDGE('',*,*,#1064,.F.);
#1414=ORIENTED_EDGE('',*,*,#1065,.T.);
#1415=ORIENTED_EDGE('',*,*,#1066,.T.);
#1416=ORIENTED_EDGE('',*,*,#1067,.F.);
#1417=ORIENTED_EDGE('',*,*,#1066,.F.);
#1418=ORIENTED_EDGE('',*,*,#1059,.T.);
#1419=ORIENTED_EDGE('',*,*,#1068,.F.);
#1420=ORIENTED_EDGE('',*,*,#1068,.T.);
#1421=ORIENTED_EDGE('',*,*,#1069,.T.);
#1422=ORIENTED_EDGE('',*,*,#1046,.F.);
#1423=ORIENTED_EDGE('',*,*,#1069,.F.);
#1424=ORIENTED_EDGE('',*,*,#1056,.T.);
#1425=ORIENTED_EDGE('',*,*,#1070,.F.);
#1426=ORIENTED_EDGE('',*,*,#1070,.T.);
#1427=ORIENTED_EDGE('',*,*,#1071,.T.);
#1428=ORIENTED_EDGE('',*,*,#1045,.F.);
#1429=ORIENTED_EDGE('',*,*,#1071,.F.);
#1430=ORIENTED_EDGE('',*,*,#1067,.T.);
#1431=ORIENTED_EDGE('',*,*,#1072,.F.);
#1432=ORIENTED_EDGE('',*,*,#1072,.T.);
#1433=ORIENTED_EDGE('',*,*,#1073,.T.);
#1434=ORIENTED_EDGE('',*,*,#1044,.F.);
#1435=ORIENTED_EDGE('',*,*,#1073,.F.);
#1436=ORIENTED_EDGE('',*,*,#1062,.T.);
#1437=ORIENTED_EDGE('',*,*,#1074,.F.);
#1438=ORIENTED_EDGE('',*,*,#1074,.T.);
#1439=ORIENTED_EDGE('',*,*,#1075,.T.);
#1440=ORIENTED_EDGE('',*,*,#1043,.F.);
#1441=ORIENTED_EDGE('',*,*,#1075,.F.);
#1442=ORIENTED_EDGE('',*,*,#1038,.T.);
#1443=ORIENTED_EDGE('',*,*,#1051,.T.);
#1444=ORIENTED_EDGE('',*,*,#1076,.T.);
#1445=ORIENTED_EDGE('',*,*,#1052,.T.);
#1446=ORIENTED_EDGE('',*,*,#1076,.F.);
#1447=ORIENTED_EDGE('',*,*,#1050,.F.);
#1448=ORIENTED_EDGE('',*,*,#1048,.F.);
#1449=ORIENTED_EDGE('',*,*,#1053,.F.);
#1450=ORIENTED_EDGE('',*,*,#1065,.F.);
#1451=ORIENTED_EDGE('',*,*,#1060,.F.);
#1452=ORIENTED_EDGE('',*,*,#1057,.F.);
#1453=ORIENTED_EDGE('',*,*,#1054,.F.);
#1454=ORIENTED_EDGE('',*,*,#1063,.F.);
#1455=ORIENTED_EDGE('',*,*,#1077,.F.);
#1456=ORIENTED_EDGE('',*,*,#1078,.T.);
#1457=ORIENTED_EDGE('',*,*,#1079,.T.);
#1458=ORIENTED_EDGE('',*,*,#1080,.F.);
#1459=ORIENTED_EDGE('',*,*,#1081,.F.);
#1460=ORIENTED_EDGE('',*,*,#1080,.T.);
#1461=ORIENTED_EDGE('',*,*,#1082,.T.);
#1462=ORIENTED_EDGE('',*,*,#1083,.F.);
#1463=ORIENTED_EDGE('',*,*,#1084,.F.);
#1464=ORIENTED_EDGE('',*,*,#1083,.T.);
#1465=ORIENTED_EDGE('',*,*,#1085,.T.);
#1466=ORIENTED_EDGE('',*,*,#1086,.F.);
#1467=ORIENTED_EDGE('',*,*,#1087,.T.);
#1468=ORIENTED_EDGE('',*,*,#1086,.T.);
#1469=ORIENTED_EDGE('',*,*,#1088,.T.);
#1470=ORIENTED_EDGE('',*,*,#1078,.F.);
#1471=ORIENTED_EDGE('',*,*,#1089,.T.);
#1472=ORIENTED_EDGE('',*,*,#1090,.T.);
#1473=ORIENTED_EDGE('',*,*,#1091,.F.);
#1474=ORIENTED_EDGE('',*,*,#1090,.F.);
#1475=ORIENTED_EDGE('',*,*,#1092,.T.);
#1476=ORIENTED_EDGE('',*,*,#1093,.T.);
#1477=ORIENTED_EDGE('',*,*,#1094,.F.);
#1478=ORIENTED_EDGE('',*,*,#1093,.F.);
#1479=ORIENTED_EDGE('',*,*,#1095,.T.);
#1480=ORIENTED_EDGE('',*,*,#1096,.T.);
#1481=ORIENTED_EDGE('',*,*,#1097,.F.);
#1482=ORIENTED_EDGE('',*,*,#1096,.F.);
#1483=ORIENTED_EDGE('',*,*,#1098,.T.);
#1484=ORIENTED_EDGE('',*,*,#1099,.T.);
#1485=ORIENTED_EDGE('',*,*,#1100,.F.);
#1486=ORIENTED_EDGE('',*,*,#1099,.F.);
#1487=ORIENTED_EDGE('',*,*,#1091,.T.);
#1488=ORIENTED_EDGE('',*,*,#1101,.F.);
#1489=ORIENTED_EDGE('',*,*,#1101,.T.);
#1490=ORIENTED_EDGE('',*,*,#1102,.T.);
#1491=ORIENTED_EDGE('',*,*,#1103,.F.);
#1492=ORIENTED_EDGE('',*,*,#1102,.F.);
#1493=ORIENTED_EDGE('',*,*,#1100,.T.);
#1494=ORIENTED_EDGE('',*,*,#1104,.F.);
#1495=ORIENTED_EDGE('',*,*,#1104,.T.);
#1496=ORIENTED_EDGE('',*,*,#1105,.T.);
#1497=ORIENTED_EDGE('',*,*,#1106,.F.);
#1498=ORIENTED_EDGE('',*,*,#1105,.F.);
#1499=ORIENTED_EDGE('',*,*,#1094,.T.);
#1500=ORIENTED_EDGE('',*,*,#1107,.F.);
#1501=ORIENTED_EDGE('',*,*,#1107,.T.);
#1502=ORIENTED_EDGE('',*,*,#1108,.T.);
#1503=ORIENTED_EDGE('',*,*,#1109,.F.);
#1504=ORIENTED_EDGE('',*,*,#1108,.F.);
#1505=ORIENTED_EDGE('',*,*,#1110,.F.);
#1506=ORIENTED_EDGE('',*,*,#1111,.T.);
#1507=ORIENTED_EDGE('',*,*,#1112,.T.);
#1508=ORIENTED_EDGE('',*,*,#1113,.F.);
#1509=ORIENTED_EDGE('',*,*,#1114,.T.);
#1510=ORIENTED_EDGE('',*,*,#1115,.T.);
#1511=ORIENTED_EDGE('',*,*,#1111,.F.);
#1512=ORIENTED_EDGE('',*,*,#1116,.F.);
#1513=ORIENTED_EDGE('',*,*,#1117,.T.);
#1514=ORIENTED_EDGE('',*,*,#1116,.T.);
#1515=ORIENTED_EDGE('',*,*,#1110,.T.);
#1516=ORIENTED_EDGE('',*,*,#1118,.T.);
#1517=ORIENTED_EDGE('',*,*,#1097,.T.);
#1518=ORIENTED_EDGE('',*,*,#1119,.F.);
#1519=ORIENTED_EDGE('',*,*,#1119,.T.);
#1520=ORIENTED_EDGE('',*,*,#1120,.T.);
#1521=ORIENTED_EDGE('',*,*,#1121,.F.);
#1522=ORIENTED_EDGE('',*,*,#1120,.F.);
#1523=ORIENTED_EDGE('',*,*,#1087,.F.);
#1524=ORIENTED_EDGE('',*,*,#1077,.T.);
#1525=ORIENTED_EDGE('',*,*,#1081,.T.);
#1526=ORIENTED_EDGE('',*,*,#1084,.T.);
#1527=ORIENTED_EDGE('',*,*,#1109,.T.);
#1528=ORIENTED_EDGE('',*,*,#1121,.T.);
#1529=ORIENTED_EDGE('',*,*,#1103,.T.);
#1530=ORIENTED_EDGE('',*,*,#1106,.T.);
#1531=ORIENTED_EDGE('',*,*,#1122,.T.);
#1532=ORIENTED_EDGE('',*,*,#1118,.F.);
#1533=ORIENTED_EDGE('',*,*,#1113,.T.);
#1534=ORIENTED_EDGE('',*,*,#1123,.T.);
#1535=ORIENTED_EDGE('',*,*,#1117,.F.);
#1536=ORIENTED_EDGE('',*,*,#1122,.F.);
#1537=ORIENTED_EDGE('',*,*,#1124,.F.);
#1538=ORIENTED_EDGE('',*,*,#1114,.F.);
#1539=ORIENTED_EDGE('',*,*,#1088,.F.);
#1540=ORIENTED_EDGE('',*,*,#1085,.F.);
#1541=ORIENTED_EDGE('',*,*,#1082,.F.);
#1542=ORIENTED_EDGE('',*,*,#1079,.F.);
#1543=ORIENTED_EDGE('',*,*,#1098,.F.);
#1544=ORIENTED_EDGE('',*,*,#1124,.T.);
#1545=ORIENTED_EDGE('',*,*,#1123,.F.);
#1546=ORIENTED_EDGE('',*,*,#1112,.F.);
#1547=ORIENTED_EDGE('',*,*,#1115,.F.);
#1548=ORIENTED_EDGE('',*,*,#1095,.F.);
#1549=ORIENTED_EDGE('',*,*,#1092,.F.);
#1550=ORIENTED_EDGE('',*,*,#1089,.F.);
#1551=ORIENTED_EDGE('',*,*,#1125,.T.);
#1552=ORIENTED_EDGE('',*,*,#1126,.T.);
#1553=ORIENTED_EDGE('',*,*,#1127,.T.);
#1554=ORIENTED_EDGE('',*,*,#1128,.F.);
#1555=ORIENTED_EDGE('',*,*,#1129,.T.);
#1556=ORIENTED_EDGE('',*,*,#1130,.F.);
#1557=ORIENTED_EDGE('',*,*,#1131,.F.);
#1558=ORIENTED_EDGE('',*,*,#1132,.F.);
#1559=ORIENTED_EDGE('',*,*,#1133,.F.);
#1560=ORIENTED_EDGE('',*,*,#1134,.T.);
#1561=ORIENTED_EDGE('',*,*,#1135,.T.);
#1562=ORIENTED_EDGE('',*,*,#1136,.F.);
#1563=ORIENTED_EDGE('',*,*,#1137,.F.);
#1564=ORIENTED_EDGE('',*,*,#1138,.F.);
#1565=ORIENTED_EDGE('',*,*,#1139,.F.);
#1566=ORIENTED_EDGE('',*,*,#1128,.T.);
#1567=ORIENTED_EDGE('',*,*,#1140,.T.);
#1568=ORIENTED_EDGE('',*,*,#1132,.T.);
#1569=ORIENTED_EDGE('',*,*,#1141,.F.);
#1570=ORIENTED_EDGE('',*,*,#1142,.T.);
#1571=ORIENTED_EDGE('',*,*,#1143,.T.);
#1572=ORIENTED_EDGE('',*,*,#1144,.T.);
#1573=ORIENTED_EDGE('',*,*,#1145,.T.);
#1574=ORIENTED_EDGE('',*,*,#1146,.T.);
#1575=ORIENTED_EDGE('',*,*,#1147,.F.);
#1576=ORIENTED_EDGE('',*,*,#1148,.F.);
#1577=ORIENTED_EDGE('',*,*,#1135,.F.);
#1578=ORIENTED_EDGE('',*,*,#1149,.T.);
#1579=ORIENTED_EDGE('',*,*,#1150,.T.);
#1580=ORIENTED_EDGE('',*,*,#1151,.T.);
#1581=ORIENTED_EDGE('',*,*,#1152,.F.);
#1582=ORIENTED_EDGE('',*,*,#1153,.F.);
#1583=ORIENTED_EDGE('',*,*,#1144,.F.);
#1584=ORIENTED_EDGE('',*,*,#1154,.T.);
#1585=ORIENTED_EDGE('',*,*,#1155,.F.);
#1586=ORIENTED_EDGE('',*,*,#1154,.F.);
#1587=ORIENTED_EDGE('',*,*,#1143,.F.);
#1588=ORIENTED_EDGE('',*,*,#1156,.T.);
#1589=ORIENTED_EDGE('',*,*,#1157,.F.);
#1590=ORIENTED_EDGE('',*,*,#1156,.F.);
#1591=ORIENTED_EDGE('',*,*,#1142,.F.);
#1592=ORIENTED_EDGE('',*,*,#1158,.T.);
#1593=ORIENTED_EDGE('',*,*,#1159,.T.);
#1594=ORIENTED_EDGE('',*,*,#1160,.F.);
#1595=ORIENTED_EDGE('',*,*,#1146,.F.);
#1596=ORIENTED_EDGE('',*,*,#1161,.T.);
#1597=ORIENTED_EDGE('',*,*,#1162,.F.);
#1598=ORIENTED_EDGE('',*,*,#1163,.T.);
#1599=ORIENTED_EDGE('',*,*,#1164,.T.);
#1600=ORIENTED_EDGE('',*,*,#1161,.F.);
#1601=ORIENTED_EDGE('',*,*,#1145,.F.);
#1602=ORIENTED_EDGE('',*,*,#1153,.T.);
#1603=ORIENTED_EDGE('',*,*,#1165,.T.);
#1604=ORIENTED_EDGE('',*,*,#1125,.F.);
#1605=ORIENTED_EDGE('',*,*,#1140,.F.);
#1606=ORIENTED_EDGE('',*,*,#1160,.T.);
#1607=ORIENTED_EDGE('',*,*,#1166,.F.);
#1608=ORIENTED_EDGE('',*,*,#1167,.F.);
#1609=ORIENTED_EDGE('',*,*,#1133,.T.);
#1610=ORIENTED_EDGE('',*,*,#1127,.F.);
#1611=ORIENTED_EDGE('',*,*,#1168,.T.);
#1612=ORIENTED_EDGE('',*,*,#1149,.F.);
#1613=ORIENTED_EDGE('',*,*,#1134,.F.);
#1614=ORIENTED_EDGE('',*,*,#1167,.T.);
#1615=ORIENTED_EDGE('',*,*,#1162,.T.);
#1616=ORIENTED_EDGE('',*,*,#1152,.T.);
#1617=ORIENTED_EDGE('',*,*,#1155,.T.);
#1618=ORIENTED_EDGE('',*,*,#1157,.T.);
#1619=ORIENTED_EDGE('',*,*,#1169,.T.);
#1620=ORIENTED_EDGE('',*,*,#1130,.T.);
#1621=ORIENTED_EDGE('',*,*,#1170,.T.);
#1622=ORIENTED_EDGE('',*,*,#1171,.T.);
#1623=ORIENTED_EDGE('',*,*,#1172,.T.);
#1624=ORIENTED_EDGE('',*,*,#1173,.T.);
#1625=ORIENTED_EDGE('',*,*,#1147,.T.);
#1626=ORIENTED_EDGE('',*,*,#1174,.F.);
#1627=ORIENTED_EDGE('',*,*,#1151,.F.);
#1628=ORIENTED_EDGE('',*,*,#1175,.T.);
#1629=ORIENTED_EDGE('',*,*,#1163,.F.);
#1630=ORIENTED_EDGE('',*,*,#1174,.T.);
#1631=ORIENTED_EDGE('',*,*,#1150,.F.);
#1632=ORIENTED_EDGE('',*,*,#1168,.F.);
#1633=ORIENTED_EDGE('',*,*,#1166,.T.);
#1634=ORIENTED_EDGE('',*,*,#1126,.F.);
#1635=ORIENTED_EDGE('',*,*,#1165,.F.);
#1636=ORIENTED_EDGE('',*,*,#1159,.F.);
#1637=ORIENTED_EDGE('',*,*,#1164,.F.);
#1638=ORIENTED_EDGE('',*,*,#1175,.F.);
#1639=ORIENTED_EDGE('',*,*,#1169,.F.);
#1640=ORIENTED_EDGE('',*,*,#1158,.F.);
#1641=ORIENTED_EDGE('',*,*,#1141,.T.);
#1642=ORIENTED_EDGE('',*,*,#1131,.T.);
#1643=ORIENTED_EDGE('',*,*,#1170,.F.);
#1644=ORIENTED_EDGE('',*,*,#1129,.F.);
#1645=ORIENTED_EDGE('',*,*,#1139,.T.);
#1646=ORIENTED_EDGE('',*,*,#1176,.T.);
#1647=ORIENTED_EDGE('',*,*,#1171,.F.);
#1648=ORIENTED_EDGE('',*,*,#1176,.F.);
#1649=ORIENTED_EDGE('',*,*,#1138,.T.);
#1650=ORIENTED_EDGE('',*,*,#1177,.T.);
#1651=ORIENTED_EDGE('',*,*,#1172,.F.);
#1652=ORIENTED_EDGE('',*,*,#1177,.F.);
#1653=ORIENTED_EDGE('',*,*,#1137,.T.);
#1654=ORIENTED_EDGE('',*,*,#1178,.T.);
#1655=ORIENTED_EDGE('',*,*,#1173,.F.);
#1656=ORIENTED_EDGE('',*,*,#1178,.F.);
#1657=ORIENTED_EDGE('',*,*,#1136,.T.);
#1658=ORIENTED_EDGE('',*,*,#1148,.T.);
#1659=PLANE('',#1852);
#1660=PLANE('',#1858);
#1661=PLANE('',#1859);
#1662=PLANE('',#1860);
#1663=PLANE('',#1861);
#1664=PLANE('',#1862);
#1665=PLANE('',#1863);
#1666=PLANE('',#1864);
#1667=PLANE('',#1865);
#1668=PLANE('',#1871);
#1669=PLANE('',#1872);
#1670=PLANE('',#1873);
#1671=PLANE('',#1874);
#1672=PLANE('',#1875);
#1673=PLANE('',#1876);
#1674=PLANE('',#1877);
#1675=PLANE('',#1878);
#1676=PLANE('',#1879);
#1677=PLANE('',#1880);
#1678=PLANE('',#1881);
#1679=PLANE('',#1882);
#1680=PLANE('',#1883);
#1681=PLANE('',#1886);
#1682=PLANE('',#1890);
#1683=PLANE('',#1894);
#1684=PLANE('',#1898);
#1685=PLANE('',#1905);
#1686=PLANE('',#1906);
#1687=PLANE('',#1907);
#1688=PLANE('',#1908);
#1689=PLANE('',#1909);
#1690=PLANE('',#1915);
#1691=PLANE('',#1916);
#1692=PLANE('',#1917);
#1693=PLANE('',#1932);
#1694=PLANE('',#1935);
#1695=PLANE('',#1938);
#1696=PLANE('',#1941);
#1697=PLANE('',#1944);
#1698=PLANE('',#1945);
#1699=PLANE('',#1946);
#1700=PLANE('',#1947);
#1701=PLANE('',#1948);
#1702=PLANE('',#1949);
#1703=PLANE('',#1962);
#1704=PLANE('',#1966);
#1705=PLANE('',#1970);
#1706=PLANE('',#1974);
#1707=PLANE('',#1975);
#1708=PLANE('',#1976);
#1709=PLANE('',#1977);
#1710=PLANE('',#1981);
#1711=PLANE('',#1982);
#1712=PLANE('',#1983);
#1713=PLANE('',#1984);
#1714=PLANE('',#1985);
#1715=PLANE('',#1986);
#1716=PLANE('',#1987);
#1717=PLANE('',#1988);
#1718=PLANE('',#1989);
#1719=PLANE('',#1990);
#1720=PLANE('',#1991);
#1721=PLANE('',#1992);
#1722=PLANE('',#1993);
#1723=PLANE('',#1994);
#1724=PLANE('',#1995);
#1725=PLANE('',#1996);
#1726=PLANE('',#1997);
#1727=PLANE('',#1998);
#1728=PLANE('',#1999);
#1729=PLANE('',#2000);
#1730=PLANE('',#2001);
#1731=PLANE('',#2002);
#1732=PLANE('',#2003);
#1733=PLANE('',#2004);
#1734=ADVANCED_FACE('',(#150,#99,#100,#101,#102,#103,#104,#105,#106,#107,
#108),#1659,.T.);
#1735=ADVANCED_FACE('',(#151),#1660,.F.);
#1736=ADVANCED_FACE('',(#152),#1661,.F.);
#1737=ADVANCED_FACE('',(#153),#1662,.F.);
#1738=ADVANCED_FACE('',(#154),#1663,.F.);
#1739=ADVANCED_FACE('',(#155),#1664,.F.);
#1740=ADVANCED_FACE('',(#156),#1665,.F.);
#1741=ADVANCED_FACE('',(#157),#1666,.F.);
#1742=ADVANCED_FACE('',(#158,#109,#110,#111,#112,#113,#114,#115,#116,#117,
#118),#1667,.F.);
#1743=ADVANCED_FACE('',(#159),#1668,.F.);
#1744=ADVANCED_FACE('',(#160),#1669,.T.);
#1745=ADVANCED_FACE('',(#161),#1670,.F.);
#1746=ADVANCED_FACE('',(#162),#1671,.F.);
#1747=ADVANCED_FACE('',(#163),#1672,.T.);
#1748=ADVANCED_FACE('',(#164),#1673,.F.);
#1749=ADVANCED_FACE('',(#165),#1674,.F.);
#1750=ADVANCED_FACE('',(#166),#1675,.T.);
#1751=ADVANCED_FACE('',(#167),#1676,.T.);
#1752=ADVANCED_FACE('',(#168),#1677,.F.);
#1753=ADVANCED_FACE('',(#169),#1678,.T.);
#1754=ADVANCED_FACE('',(#170),#1679,.F.);
#1755=ADVANCED_FACE('',(#171),#1680,.F.);
#1756=ADVANCED_FACE('',(#172),#21,.F.);
#1757=ADVANCED_FACE('',(#173,#119),#1681,.F.);
#1758=ADVANCED_FACE('',(#174),#22,.F.);
#1759=ADVANCED_FACE('',(#175,#120),#1682,.F.);
#1760=ADVANCED_FACE('',(#176),#23,.F.);
#1761=ADVANCED_FACE('',(#177,#121),#1683,.F.);
#1762=ADVANCED_FACE('',(#178),#24,.F.);
#1763=ADVANCED_FACE('',(#179,#122),#1684,.F.);
#1764=ADVANCED_FACE('',(#180),#25,.F.);
#1765=ADVANCED_FACE('',(#181),#26,.F.);
#1766=ADVANCED_FACE('',(#182),#27,.F.);
#1767=ADVANCED_FACE('',(#183),#28,.F.);
#1768=ADVANCED_FACE('',(#184),#29,.F.);
#1769=ADVANCED_FACE('',(#185),#1685,.F.);
#1770=ADVANCED_FACE('',(#186),#1686,.F.);
#1771=ADVANCED_FACE('',(#187),#1687,.F.);
#1772=ADVANCED_FACE('',(#188),#1688,.F.);
#1773=ADVANCED_FACE('',(#189,#123,#124,#125,#126,#127),#1689,.T.);
#1774=ADVANCED_FACE('',(#190),#1690,.F.);
#1775=ADVANCED_FACE('',(#191),#1691,.F.);
#1776=ADVANCED_FACE('',(#192),#1692,.F.);
#1777=ADVANCED_FACE('',(#193),#30,.F.);
#1778=ADVANCED_FACE('',(#194),#31,.F.);
#1779=ADVANCED_FACE('',(#195),#32,.F.);
#1780=ADVANCED_FACE('',(#196),#33,.F.);
#1781=ADVANCED_FACE('',(#197),#34,.F.);
#1782=ADVANCED_FACE('',(#198,#128),#1693,.F.);
#1783=ADVANCED_FACE('',(#199),#35,.F.);
#1784=ADVANCED_FACE('',(#200,#129),#1694,.F.);
#1785=ADVANCED_FACE('',(#201),#36,.F.);
#1786=ADVANCED_FACE('',(#202,#130),#1695,.F.);
#1787=ADVANCED_FACE('',(#203),#37,.F.);
#1788=ADVANCED_FACE('',(#204,#131),#1696,.F.);
#1789=ADVANCED_FACE('',(#205),#38,.F.);
#1790=ADVANCED_FACE('',(#206),#1697,.F.);
#1791=ADVANCED_FACE('',(#207,#132,#133,#134,#135,#136),#1698,.F.);
#1792=ADVANCED_FACE('',(#208),#1699,.F.);
#1793=ADVANCED_FACE('',(#209),#1700,.F.);
#1794=ADVANCED_FACE('',(#210),#1701,.F.);
#1795=ADVANCED_FACE('',(#211),#1702,.F.);
#1796=ADVANCED_FACE('',(#212),#39,.F.);
#1797=ADVANCED_FACE('',(#213),#40,.F.);
#1798=ADVANCED_FACE('',(#214),#41,.F.);
#1799=ADVANCED_FACE('',(#215),#42,.F.);
#1800=ADVANCED_FACE('',(#216,#137),#1703,.F.);
#1801=ADVANCED_FACE('',(#217),#43,.F.);
#1802=ADVANCED_FACE('',(#218,#138),#1704,.F.);
#1803=ADVANCED_FACE('',(#219),#44,.F.);
#1804=ADVANCED_FACE('',(#220,#139),#1705,.F.);
#1805=ADVANCED_FACE('',(#221),#45,.F.);
#1806=ADVANCED_FACE('',(#222),#1706,.F.);
#1807=ADVANCED_FACE('',(#223),#1707,.F.);
#1808=ADVANCED_FACE('',(#224),#1708,.F.);
#1809=ADVANCED_FACE('',(#225,#140),#1709,.F.);
#1810=ADVANCED_FACE('',(#226),#46,.F.);
#1811=ADVANCED_FACE('',(#227,#141,#142,#143,#144),#1710,.T.);
#1812=ADVANCED_FACE('',(#228),#1711,.F.);
#1813=ADVANCED_FACE('',(#229),#1712,.T.);
#1814=ADVANCED_FACE('',(#230,#145,#146,#147,#148,#149),#1713,.F.);
#1815=ADVANCED_FACE('',(#231),#1714,.T.);
#1816=ADVANCED_FACE('',(#232),#1715,.F.);
#1817=ADVANCED_FACE('',(#233),#1716,.F.);
#1818=ADVANCED_FACE('',(#234),#1717,.T.);
#1819=ADVANCED_FACE('',(#235),#1718,.T.);
#1820=ADVANCED_FACE('',(#236),#1719,.T.);
#1821=ADVANCED_FACE('',(#237),#1720,.T.);
#1822=ADVANCED_FACE('',(#238),#1721,.T.);
#1823=ADVANCED_FACE('',(#239),#1722,.T.);
#1824=ADVANCED_FACE('',(#240),#1723,.T.);
#1825=ADVANCED_FACE('',(#241),#1724,.T.);
#1826=ADVANCED_FACE('',(#242),#1725,.T.);
#1827=ADVANCED_FACE('',(#243),#1726,.T.);
#1828=ADVANCED_FACE('',(#244),#1727,.T.);
#1829=ADVANCED_FACE('',(#245),#1728,.T.);
#1830=ADVANCED_FACE('',(#246),#1729,.T.);
#1831=ADVANCED_FACE('',(#247),#1730,.T.);
#1832=ADVANCED_FACE('',(#248),#1731,.T.);
#1833=ADVANCED_FACE('',(#249),#1732,.T.);
#1834=ADVANCED_FACE('',(#250),#1733,.T.);
#1835=CLOSED_SHELL('',(#1734,#1735,#1736,#1737,#1738,#1739,#1740,#1741,
#1742,#1743,#1744,#1745,#1746,#1747,#1748,#1749,#1750,#1751,#1752,#1753,
#1754,#1755,#1756,#1757,#1758,#1759,#1760,#1761,#1762,#1763,#1764,#1765,
#1766,#1767,#1768,#1769,#1770,#1771,#1772));
#1836=CLOSED_SHELL('',(#1773,#1774,#1775,#1776,#1777,#1778,#1779,#1780,
#1781,#1782,#1783,#1784,#1785,#1786,#1787,#1788,#1789,#1790,#1791));
#1837=CLOSED_SHELL('',(#1792,#1793,#1794,#1795,#1796,#1797,#1798,#1799,
#1800,#1801,#1802,#1803,#1804,#1805,#1806,#1807,#1808,#1809,#1810,#1811,
#1812,#1813,#1814));
#1838=CLOSED_SHELL('',(#1815,#1816,#1817,#1818,#1819,#1820,#1821,#1822,
#1823,#1824,#1825,#1826,#1827,#1828,#1829,#1830,#1831,#1832,#1833,#1834));
#1839=DERIVED_UNIT_ELEMENT(#1841,1.);
#1840=DERIVED_UNIT_ELEMENT(#3008,-3.);
#1841=(
MASS_UNIT()
NAMED_UNIT(*)
SI_UNIT(.KILO.,.GRAM.)
);
#1842=DERIVED_UNIT((#1839,#1840));
#1843=MEASURE_REPRESENTATION_ITEM('density measure',
POSITIVE_RATIO_MEASURE(7850.),#1842);
#1844=PROPERTY_DEFINITION_REPRESENTATION(#1849,#1846);
#1845=PROPERTY_DEFINITION_REPRESENTATION(#1850,#1847);
#1846=REPRESENTATION('material name',(#1848),#3005);
#1847=REPRESENTATION('density',(#1843),#3005);
#1848=DESCRIPTIVE_REPRESENTATION_ITEM('Steel','Steel');
#1849=PROPERTY_DEFINITION('material property','material name',#3015);
#1850=PROPERTY_DEFINITION('material property','density of part',#3015);
#1851=AXIS2_PLACEMENT_3D('',#2501,#2005,#2006);
#1852=AXIS2_PLACEMENT_3D('',#2502,#2007,#2008);
#1853=AXIS2_PLACEMENT_3D('',#2528,#2021,#2022);
#1854=AXIS2_PLACEMENT_3D('',#2530,#2023,#2024);
#1855=AXIS2_PLACEMENT_3D('',#2532,#2025,#2026);
#1856=AXIS2_PLACEMENT_3D('',#2534,#2027,#2028);
#1857=AXIS2_PLACEMENT_3D('',#2536,#2029,#2030);
#1858=AXIS2_PLACEMENT_3D('',#2561,#2043,#2044);
#1859=AXIS2_PLACEMENT_3D('',#2567,#2048,#2049);
#1860=AXIS2_PLACEMENT_3D('',#2573,#2053,#2054);
#1861=AXIS2_PLACEMENT_3D('',#2579,#2058,#2059);
#1862=AXIS2_PLACEMENT_3D('',#2585,#2063,#2064);
#1863=AXIS2_PLACEMENT_3D('',#2591,#2068,#2069);
#1864=AXIS2_PLACEMENT_3D('',#2595,#2072,#2073);
#1865=AXIS2_PLACEMENT_3D('',#2599,#2076,#2077);
#1866=AXIS2_PLACEMENT_3D('',#2622,#2090,#2091);
#1867=AXIS2_PLACEMENT_3D('',#2624,#2092,#2093);
#1868=AXIS2_PLACEMENT_3D('',#2626,#2094,#2095);
#1869=AXIS2_PLACEMENT_3D('',#2628,#2096,#2097);
#1870=AXIS2_PLACEMENT_3D('',#2630,#2098,#2099);
#1871=AXIS2_PLACEMENT_3D('',#2639,#2105,#2106);
#1872=AXIS2_PLACEMENT_3D('',#2641,#2108,#2109);
#1873=AXIS2_PLACEMENT_3D('',#2644,#2112,#2113);
#1874=AXIS2_PLACEMENT_3D('',#2645,#2114,#2115);
#1875=AXIS2_PLACEMENT_3D('',#2646,#2116,#2117);
#1876=AXIS2_PLACEMENT_3D('',#2649,#2120,#2121);
#1877=AXIS2_PLACEMENT_3D('',#2650,#2122,#2123);
#1878=AXIS2_PLACEMENT_3D('',#2651,#2124,#2125);
#1879=AXIS2_PLACEMENT_3D('',#2652,#2126,#2127);
#1880=AXIS2_PLACEMENT_3D('',#2654,#2129,#2130);
#1881=AXIS2_PLACEMENT_3D('',#2655,#2131,#2132);
#1882=AXIS2_PLACEMENT_3D('',#2658,#2135,#2136);
#1883=AXIS2_PLACEMENT_3D('',#2659,#2137,#2138);
#1884=AXIS2_PLACEMENT_3D('',#2660,#2139,#2140);
#1885=AXIS2_PLACEMENT_3D('',#2662,#2141,#2142);
#1886=AXIS2_PLACEMENT_3D('',#2664,#2144,#2145);
#1887=AXIS2_PLACEMENT_3D('',#2666,#2146,#2147);
#1888=AXIS2_PLACEMENT_3D('',#2667,#2148,#2149);
#1889=AXIS2_PLACEMENT_3D('',#2669,#2150,#2151);
#1890=AXIS2_PLACEMENT_3D('',#2671,#2153,#2154);
#1891=AXIS2_PLACEMENT_3D('',#2673,#2155,#2156);
#1892=AXIS2_PLACEMENT_3D('',#2674,#2157,#2158);
#1893=AXIS2_PLACEMENT_3D('',#2676,#2159,#2160);
#1894=AXIS2_PLACEMENT_3D('',#2678,#2162,#2163);
#1895=AXIS2_PLACEMENT_3D('',#2680,#2164,#2165);
#1896=AXIS2_PLACEMENT_3D('',#2681,#2166,#2167);
#1897=AXIS2_PLACEMENT_3D('',#2683,#2168,#2169);
#1898=AXIS2_PLACEMENT_3D('',#2685,#2171,#2172);
#1899=AXIS2_PLACEMENT_3D('',#2687,#2173,#2174);
#1900=AXIS2_PLACEMENT_3D('',#2688,#2175,#2176);
#1901=AXIS2_PLACEMENT_3D('',#2690,#2178,#2179);
#1902=AXIS2_PLACEMENT_3D('',#2692,#2181,#2182);
#1903=AXIS2_PLACEMENT_3D('',#2694,#2184,#2185);
#1904=AXIS2_PLACEMENT_3D('',#2696,#2187,#2188);
#1905=AXIS2_PLACEMENT_3D('',#2698,#2190,#2191);
#1906=AXIS2_PLACEMENT_3D('',#2701,#2194,#2195);
#1907=AXIS2_PLACEMENT_3D('',#2703,#2197,#2198);
#1908=AXIS2_PLACEMENT_3D('',#2705,#2200,#2201);
#1909=AXIS2_PLACEMENT_3D('',#2706,#2202,#2203);
#1910=AXIS2_PLACEMENT_3D('',#2716,#2208,#2209);
#1911=AXIS2_PLACEMENT_3D('',#2718,#2210,#2211);
#1912=AXIS2_PLACEMENT_3D('',#2720,#2212,#2213);
#1913=AXIS2_PLACEMENT_3D('',#2722,#2214,#2215);
#1914=AXIS2_PLACEMENT_3D('',#2724,#2216,#2217);
#1915=AXIS2_PLACEMENT_3D('',#2725,#2218,#2219);
#1916=AXIS2_PLACEMENT_3D('',#2731,#2223,#2224);
#1917=AXIS2_PLACEMENT_3D('',#2735,#2227,#2228);
#1918=AXIS2_PLACEMENT_3D('',#2739,#2231,#2232);
#1919=AXIS2_PLACEMENT_3D('',#2741,#2233,#2234);
#1920=AXIS2_PLACEMENT_3D('',#2744,#2236,#2237);
#1921=AXIS2_PLACEMENT_3D('',#2745,#2238,#2239);
#1922=AXIS2_PLACEMENT_3D('',#2747,#2240,#2241);
#1923=AXIS2_PLACEMENT_3D('',#2750,#2243,#2244);
#1924=AXIS2_PLACEMENT_3D('',#2751,#2245,#2246);
#1925=AXIS2_PLACEMENT_3D('',#2753,#2247,#2248);
#1926=AXIS2_PLACEMENT_3D('',#2756,#2250,#2251);
#1927=AXIS2_PLACEMENT_3D('',#2757,#2252,#2253);
#1928=AXIS2_PLACEMENT_3D('',#2759,#2254,#2255);
#1929=AXIS2_PLACEMENT_3D('',#2761,#2257,#2258);
#1930=AXIS2_PLACEMENT_3D('',#2763,#2259,#2260);
#1931=AXIS2_PLACEMENT_3D('',#2766,#2262,#2263);
#1932=AXIS2_PLACEMENT_3D('',#2767,#2264,#2265);
#1933=AXIS2_PLACEMENT_3D('',#2769,#2266,#2267);
#1934=AXIS2_PLACEMENT_3D('',#2770,#2268,#2269);
#1935=AXIS2_PLACEMENT_3D('',#2772,#2271,#2272);
#1936=AXIS2_PLACEMENT_3D('',#2774,#2273,#2274);
#1937=AXIS2_PLACEMENT_3D('',#2775,#2275,#2276);
#1938=AXIS2_PLACEMENT_3D('',#2777,#2278,#2279);
#1939=AXIS2_PLACEMENT_3D('',#2779,#2280,#2281);
#1940=AXIS2_PLACEMENT_3D('',#2780,#2282,#2283);
#1941=AXIS2_PLACEMENT_3D('',#2782,#2285,#2286);
#1942=AXIS2_PLACEMENT_3D('',#2784,#2287,#2288);
#1943=AXIS2_PLACEMENT_3D('',#2785,#2289,#2290);
#1944=AXIS2_PLACEMENT_3D('',#2787,#2292,#2293);
#1945=AXIS2_PLACEMENT_3D('',#2789,#2295,#2296);
#1946=AXIS2_PLACEMENT_3D('',#2790,#2297,#2298);
#1947=AXIS2_PLACEMENT_3D('',#2799,#2303,#2304);
#1948=AXIS2_PLACEMENT_3D('',#2805,#2308,#2309);
#1949=AXIS2_PLACEMENT_3D('',#2811,#2313,#2314);
#1950=AXIS2_PLACEMENT_3D('',#2814,#2317,#2318);
#1951=AXIS2_PLACEMENT_3D('',#2816,#2319,#2320);
#1952=AXIS2_PLACEMENT_3D('',#2819,#2322,#2323);
#1953=AXIS2_PLACEMENT_3D('',#2820,#2324,#2325);
#1954=AXIS2_PLACEMENT_3D('',#2822,#2326,#2327);
#1955=AXIS2_PLACEMENT_3D('',#2825,#2329,#2330);
#1956=AXIS2_PLACEMENT_3D('',#2826,#2331,#2332);
#1957=AXIS2_PLACEMENT_3D('',#2828,#2333,#2334);
#1958=AXIS2_PLACEMENT_3D('',#2831,#2336,#2337);
#1959=AXIS2_PLACEMENT_3D('',#2832,#2338,#2339);
#1960=AXIS2_PLACEMENT_3D('',#2834,#2340,#2341);
#1961=AXIS2_PLACEMENT_3D('',#2837,#2343,#2344);
#1962=AXIS2_PLACEMENT_3D('',#2838,#2345,#2346);
#1963=AXIS2_PLACEMENT_3D('',#2840,#2347,#2348);
#1964=AXIS2_PLACEMENT_3D('',#2841,#2349,#2350);
#1965=AXIS2_PLACEMENT_3D('',#2844,#2352,#2353);
#1966=AXIS2_PLACEMENT_3D('',#2845,#2354,#2355);
#1967=AXIS2_PLACEMENT_3D('',#2847,#2356,#2357);
#1968=AXIS2_PLACEMENT_3D('',#2848,#2358,#2359);
#1969=AXIS2_PLACEMENT_3D('',#2851,#2361,#2362);
#1970=AXIS2_PLACEMENT_3D('',#2852,#2363,#2364);
#1971=AXIS2_PLACEMENT_3D('',#2854,#2365,#2366);
#1972=AXIS2_PLACEMENT_3D('',#2855,#2367,#2368);
#1973=AXIS2_PLACEMENT_3D('',#2858,#2370,#2371);
#1974=AXIS2_PLACEMENT_3D('',#2859,#2372,#2373);
#1975=AXIS2_PLACEMENT_3D('',#2868,#2378,#2379);
#1976=AXIS2_PLACEMENT_3D('',#2874,#2383,#2384);
#1977=AXIS2_PLACEMENT_3D('',#2878,#2387,#2388);
#1978=AXIS2_PLACEMENT_3D('',#2880,#2389,#2390);
#1979=AXIS2_PLACEMENT_3D('',#2881,#2391,#2392);
#1980=AXIS2_PLACEMENT_3D('',#2884,#2394,#2395);
#1981=AXIS2_PLACEMENT_3D('',#2885,#2396,#2397);
#1982=AXIS2_PLACEMENT_3D('',#2886,#2398,#2399);
#1983=AXIS2_PLACEMENT_3D('',#2890,#2402,#2403);
#1984=AXIS2_PLACEMENT_3D('',#2892,#2405,#2406);
#1985=AXIS2_PLACEMENT_3D('',#2893,#2407,#2408);
#1986=AXIS2_PLACEMENT_3D('',#2910,#2417,#2418);
#1987=AXIS2_PLACEMENT_3D('',#2924,#2426,#2427);
#1988=AXIS2_PLACEMENT_3D('',#2938,#2435,#2436);
#1989=AXIS2_PLACEMENT_3D('',#2948,#2442,#2443);
#1990=AXIS2_PLACEMENT_3D('',#2954,#2447,#2448);
#1991=AXIS2_PLACEMENT_3D('',#2958,#2451,#2452);
#1992=AXIS2_PLACEMENT_3D('',#2962,#2455,#2456);
#1993=AXIS2_PLACEMENT_3D('',#2968,#2460,#2461);
#1994=AXIS2_PLACEMENT_3D('',#2974,#2465,#2466);
#1995=AXIS2_PLACEMENT_3D('',#2976,#2468,#2469);
#1996=AXIS2_PLACEMENT_3D('',#2980,#2472,#2473);
#1997=AXIS2_PLACEMENT_3D('',#2982,#2475,#2476);
#1998=AXIS2_PLACEMENT_3D('',#2992,#2483,#2484);
#1999=AXIS2_PLACEMENT_3D('',#2994,#2486,#2487);
#2000=AXIS2_PLACEMENT_3D('',#2995,#2488,#2489);
#2001=AXIS2_PLACEMENT_3D('',#2996,#2490,#2491);
#2002=AXIS2_PLACEMENT_3D('',#2998,#2493,#2494);
#2003=AXIS2_PLACEMENT_3D('',#3000,#2496,#2497);
#2004=AXIS2_PLACEMENT_3D('',#3002,#2499,#2500);
#2005=DIRECTION('axis',(0.,0.,1.));
#2006=DIRECTION('refdir',(1.,0.,0.));
#2007=DIRECTION('center_axis',(0.,0.,1.));
#2008=DIRECTION('ref_axis',(1.,0.,0.));
#2009=DIRECTION('',(1.41824897357305E-15,-1.,0.));
#2010=DIRECTION('',(1.,0.,0.));
#2011=DIRECTION('',(1.85262315946492E-16,1.,0.));
#2012=DIRECTION('',(1.,-6.96115737599822E-15,0.));
#2013=DIRECTION('',(0.,1.,0.));
#2014=DIRECTION('',(1.,0.,0.));
#2015=DIRECTION('',(0.,1.,0.));
#2016=DIRECTION('',(1.,0.,0.));
#2017=DIRECTION('',(0.,1.,0.));
#2018=DIRECTION('',(-1.,0.,0.));
#2019=DIRECTION('',(0.,1.,0.));
#2020=DIRECTION('',(1.,0.,0.));
#2021=DIRECTION('center_axis',(0.,0.,-1.));
#2022=DIRECTION('ref_axis',(1.,0.,0.));
#2023=DIRECTION('center_axis',(0.,0.,-1.));
#2024=DIRECTION('ref_axis',(1.,0.,0.));
#2025=DIRECTION('center_axis',(0.,0.,-1.));
#2026=DIRECTION('ref_axis',(1.,0.,0.));
#2027=DIRECTION('center_axis',(0.,0.,-1.));
#2028=DIRECTION('ref_axis',(1.,0.,0.));
#2029=DIRECTION('center_axis',(0.,0.,-1.));
#2030=DIRECTION('ref_axis',(1.,0.,0.));
#2031=DIRECTION('',(1.,0.,0.));
#2032=DIRECTION('',(0.,1.,0.));
#2033=DIRECTION('',(1.,0.,0.));
#2034=DIRECTION('',(0.,1.,0.));
#2035=DIRECTION('',(0.,1.,0.));
#2036=DIRECTION('',(1.,0.,0.));
#2037=DIRECTION('',(0.,1.,0.));
#2038=DIRECTION('',(1.,0.,0.));
#2039=DIRECTION('',(1.,0.,0.));
#2040=DIRECTION('',(0.,1.,0.));
#2041=DIRECTION('',(1.,0.,0.));
#2042=DIRECTION('',(0.,1.,0.));
#2043=DIRECTION('center_axis',(1.,0.,0.));
#2044=DIRECTION('ref_axis',(0.,-1.,0.));
#2045=DIRECTION('',(0.,0.,1.));
#2046=DIRECTION('',(0.,-1.,0.));
#2047=DIRECTION('',(0.,0.,-1.));
#2048=DIRECTION('center_axis',(1.,0.,0.));
#2049=DIRECTION('ref_axis',(0.,-1.,0.));
#2050=DIRECTION('',(0.,0.,-1.));
#2051=DIRECTION('',(0.,0.,-1.));
#2052=DIRECTION('',(0.,-1.,0.));
#2053=DIRECTION('center_axis',(1.,0.,0.));
#2054=DIRECTION('ref_axis',(0.,-1.,0.));
#2055=DIRECTION('',(0.,0.,1.));
#2056=DIRECTION('',(0.,-1.,0.));
#2057=DIRECTION('',(0.,0.,-1.));
#2058=DIRECTION('center_axis',(1.,0.,0.));
#2059=DIRECTION('ref_axis',(0.,-1.,0.));
#2060=DIRECTION('',(0.,0.,1.));
#2061=DIRECTION('',(0.,-1.,0.));
#2062=DIRECTION('',(0.,0.,-1.));
#2063=DIRECTION('center_axis',(1.,0.,0.));
#2064=DIRECTION('ref_axis',(0.,-1.,0.));
#2065=DIRECTION('',(0.,0.,-1.));
#2066=DIRECTION('',(0.,0.,1.));
#2067=DIRECTION('',(0.,-1.,0.));
#2068=DIRECTION('center_axis',(0.,-1.,0.));
#2069=DIRECTION('ref_axis',(-1.,0.,0.));
#2070=DIRECTION('',(-1.,0.,0.));
#2071=DIRECTION('',(0.,0.,1.));
#2072=DIRECTION('center_axis',(0.,1.,0.));
#2073=DIRECTION('ref_axis',(1.,0.,0.));
#2074=DIRECTION('',(0.,0.,-1.));
#2075=DIRECTION('',(1.,0.,0.));
#2076=DIRECTION('center_axis',(0.,0.,1.));
#2077=DIRECTION('ref_axis',(1.,0.,0.));
#2078=DIRECTION('',(-1.41824897357305E-15,1.,0.));
#2079=DIRECTION('',(1.,-6.96115737599822E-15,0.));
#2080=DIRECTION('',(-1.85262315946492E-16,-1.,0.));
#2081=DIRECTION('',(-1.,0.,0.));
#2082=DIRECTION('',(1.,0.,0.));
#2083=DIRECTION('',(0.,1.,0.));
#2084=DIRECTION('',(-1.,0.,0.));
#2085=DIRECTION('',(1.,0.,0.));
#2086=DIRECTION('',(0.,1.,0.));
#2087=DIRECTION('',(-1.,0.,0.));
#2088=DIRECTION('',(1.,0.,0.));
#2089=DIRECTION('',(0.,1.,0.));
#2090=DIRECTION('center_axis',(0.,0.,-1.));
#2091=DIRECTION('ref_axis',(1.,0.,0.));
#2092=DIRECTION('center_axis',(0.,0.,-1.));
#2093=DIRECTION('ref_axis',(1.,0.,0.));
#2094=DIRECTION('center_axis',(0.,0.,-1.));
#2095=DIRECTION('ref_axis',(1.,0.,0.));
#2096=DIRECTION('center_axis',(0.,0.,-1.));
#2097=DIRECTION('ref_axis',(1.,0.,0.));
#2098=DIRECTION('center_axis',(0.,0.,-1.));
#2099=DIRECTION('ref_axis',(1.,0.,0.));
#2100=DIRECTION('',(0.,1.,0.));
#2101=DIRECTION('',(-1.,0.,0.));
#2102=DIRECTION('',(1.,0.,0.));
#2103=DIRECTION('',(0.,1.,0.));
#2104=DIRECTION('',(-1.,0.,0.));
#2105=DIRECTION('center_axis',(0.,1.,0.));
#2106=DIRECTION('ref_axis',(1.,0.,0.));
#2107=DIRECTION('',(0.,0.,-1.));
#2108=DIRECTION('center_axis',(1.,0.,0.));
#2109=DIRECTION('ref_axis',(0.,1.,0.));
#2110=DIRECTION('',(0.,0.,-1.));
#2111=DIRECTION('',(0.,0.,1.));
#2112=DIRECTION('center_axis',(0.,1.,0.));
#2113=DIRECTION('ref_axis',(1.,0.,0.));
#2114=DIRECTION('center_axis',(0.,-1.,0.));
#2115=DIRECTION('ref_axis',(-1.,0.,0.));
#2116=DIRECTION('center_axis',(1.,0.,0.));
#2117=DIRECTION('ref_axis',(0.,1.,0.));
#2118=DIRECTION('',(0.,0.,-1.));
#2119=DIRECTION('',(0.,0.,1.));
#2120=DIRECTION('center_axis',(0.,1.,0.));
#2121=DIRECTION('ref_axis',(1.,0.,0.));
#2122=DIRECTION('center_axis',(0.,-1.,0.));
#2123=DIRECTION('ref_axis',(-1.,0.,0.));
#2124=DIRECTION('center_axis',(1.,0.,0.));
#2125=DIRECTION('ref_axis',(0.,1.,0.));
#2126=DIRECTION('center_axis',(1.,0.,0.));
#2127=DIRECTION('ref_axis',(0.,1.,0.));
#2128=DIRECTION('',(0.,0.,1.));
#2129=DIRECTION('center_axis',(0.,-1.,0.));
#2130=DIRECTION('ref_axis',(-1.,0.,0.));
#2131=DIRECTION('center_axis',(1.,0.,0.));
#2132=DIRECTION('ref_axis',(0.,1.,0.));
#2133=DIRECTION('',(0.,0.,-1.));
#2134=DIRECTION('',(0.,0.,1.));
#2135=DIRECTION('center_axis',(0.,1.,0.));
#2136=DIRECTION('ref_axis',(1.,0.,0.));
#2137=DIRECTION('center_axis',(0.,-1.,0.));
#2138=DIRECTION('ref_axis',(-1.,0.,0.));
#2139=DIRECTION('center_axis',(0.,0.,1.));
#2140=DIRECTION('ref_axis',(1.,0.,0.));
#2141=DIRECTION('center_axis',(0.,0.,-1.));
#2142=DIRECTION('ref_axis',(1.,0.,0.));
#2143=DIRECTION('',(0.,0.,1.));
#2144=DIRECTION('center_axis',(0.,0.,1.));
#2145=DIRECTION('ref_axis',(1.,0.,0.));
#2146=DIRECTION('center_axis',(0.,0.,-1.));
#2147=DIRECTION('ref_axis',(1.,0.,0.));
#2148=DIRECTION('center_axis',(0.,0.,1.));
#2149=DIRECTION('ref_axis',(1.,0.,0.));
#2150=DIRECTION('center_axis',(0.,0.,-1.));
#2151=DIRECTION('ref_axis',(1.,0.,0.));
#2152=DIRECTION('',(0.,0.,1.));
#2153=DIRECTION('center_axis',(0.,0.,1.));
#2154=DIRECTION('ref_axis',(1.,0.,0.));
#2155=DIRECTION('center_axis',(0.,0.,-1.));
#2156=DIRECTION('ref_axis',(1.,0.,0.));
#2157=DIRECTION('center_axis',(0.,0.,1.));
#2158=DIRECTION('ref_axis',(1.,0.,0.));
#2159=DIRECTION('center_axis',(0.,0.,-1.));
#2160=DIRECTION('ref_axis',(1.,0.,0.));
#2161=DIRECTION('',(0.,0.,1.));
#2162=DIRECTION('center_axis',(0.,0.,1.));
#2163=DIRECTION('ref_axis',(1.,0.,0.));
#2164=DIRECTION('center_axis',(0.,0.,-1.));
#2165=DIRECTION('ref_axis',(1.,0.,0.));
#2166=DIRECTION('center_axis',(0.,0.,1.));
#2167=DIRECTION('ref_axis',(1.,0.,0.));
#2168=DIRECTION('center_axis',(0.,0.,-1.));
#2169=DIRECTION('ref_axis',(1.,0.,0.));
#2170=DIRECTION('',(0.,0.,1.));
#2171=DIRECTION('center_axis',(0.,0.,1.));
#2172=DIRECTION('ref_axis',(1.,0.,0.));
#2173=DIRECTION('center_axis',(0.,0.,-1.));
#2174=DIRECTION('ref_axis',(1.,0.,0.));
#2175=DIRECTION('center_axis',(0.,0.,1.));
#2176=DIRECTION('ref_axis',(1.,0.,0.));
#2177=DIRECTION('',(0.,0.,1.));
#2178=DIRECTION('center_axis',(0.,0.,1.));
#2179=DIRECTION('ref_axis',(1.,0.,0.));
#2180=DIRECTION('',(0.,0.,1.));
#2181=DIRECTION('center_axis',(0.,0.,1.));
#2182=DIRECTION('ref_axis',(1.,0.,0.));
#2183=DIRECTION('',(0.,0.,1.));
#2184=DIRECTION('center_axis',(0.,0.,1.));
#2185=DIRECTION('ref_axis',(1.,0.,0.));
#2186=DIRECTION('',(0.,0.,1.));
#2187=DIRECTION('center_axis',(0.,0.,1.));
#2188=DIRECTION('ref_axis',(1.,0.,0.));
#2189=DIRECTION('',(0.,0.,1.));
#2190=DIRECTION('center_axis',(6.96115737599822E-15,1.,0.));
#2191=DIRECTION('ref_axis',(1.,-6.96115737599822E-15,0.));
#2192=DIRECTION('',(0.,0.,-1.));
#2193=DIRECTION('',(0.,0.,1.));
#2194=DIRECTION('center_axis',(1.,-1.85262315946492E-16,0.));
#2195=DIRECTION('ref_axis',(-1.85262315946492E-16,-1.,0.));
#2196=DIRECTION('',(0.,0.,-1.));
#2197=DIRECTION('center_axis',(0.,-1.,0.));
#2198=DIRECTION('ref_axis',(-1.,0.,0.));
#2199=DIRECTION('',(0.,0.,-1.));
#2200=DIRECTION('center_axis',(-1.,-1.41824897357305E-15,0.));
#2201=DIRECTION('ref_axis',(-1.41824897357305E-15,1.,0.));
#2202=DIRECTION('center_axis',(0.,0.,1.));
#2203=DIRECTION('ref_axis',(1.,0.,0.));
#2204=DIRECTION('',(-1.41824897357305E-15,1.,0.));
#2205=DIRECTION('',(1.,-6.96115737599822E-15,0.));
#2206=DIRECTION('',(0.,1.,0.));
#2207=DIRECTION('',(1.,0.,0.));
#2208=DIRECTION('center_axis',(0.,0.,-1.));
#2209=DIRECTION('ref_axis',(1.,0.,0.));
#2210=DIRECTION('center_axis',(0.,0.,-1.));
#2211=DIRECTION('ref_axis',(1.,0.,0.));
#2212=DIRECTION('center_axis',(0.,0.,-1.));
#2213=DIRECTION('ref_axis',(1.,0.,0.));
#2214=DIRECTION('center_axis',(0.,0.,-1.));
#2215=DIRECTION('ref_axis',(1.,0.,0.));
#2216=DIRECTION('center_axis',(0.,0.,-1.));
#2217=DIRECTION('ref_axis',(1.,0.,0.));
#2218=DIRECTION('center_axis',(-1.,0.,0.));
#2219=DIRECTION('ref_axis',(0.,1.,0.));
#2220=DIRECTION('',(0.,0.,-1.));
#2221=DIRECTION('',(0.,1.,0.));
#2222=DIRECTION('',(0.,0.,-1.));
#2223=DIRECTION('center_axis',(0.,-1.,0.));
#2224=DIRECTION('ref_axis',(-1.,0.,0.));
#2225=DIRECTION('',(-1.,0.,0.));
#2226=DIRECTION('',(0.,0.,-1.));
#2227=DIRECTION('center_axis',(6.96115737599822E-15,1.,0.));
#2228=DIRECTION('ref_axis',(1.,-6.96115737599822E-15,0.));
#2229=DIRECTION('',(0.,0.,1.));
#2230=DIRECTION('',(1.,-6.96115737599822E-15,0.));
#2231=DIRECTION('center_axis',(0.,0.,1.));
#2232=DIRECTION('ref_axis',(1.,0.,0.));
#2233=DIRECTION('center_axis',(0.,0.,-1.));
#2234=DIRECTION('ref_axis',(1.,0.,0.));
#2235=DIRECTION('',(0.,0.,1.));
#2236=DIRECTION('center_axis',(0.,0.,-1.));
#2237=DIRECTION('ref_axis',(1.,0.,0.));
#2238=DIRECTION('center_axis',(0.,0.,1.));
#2239=DIRECTION('ref_axis',(1.,0.,0.));
#2240=DIRECTION('center_axis',(0.,0.,-1.));
#2241=DIRECTION('ref_axis',(1.,0.,0.));
#2242=DIRECTION('',(0.,0.,1.));
#2243=DIRECTION('center_axis',(0.,0.,-1.));
#2244=DIRECTION('ref_axis',(1.,0.,0.));
#2245=DIRECTION('center_axis',(0.,0.,1.));
#2246=DIRECTION('ref_axis',(1.,0.,0.));
#2247=DIRECTION('center_axis',(0.,0.,-1.));
#2248=DIRECTION('ref_axis',(1.,0.,0.));
#2249=DIRECTION('',(0.,0.,1.));
#2250=DIRECTION('center_axis',(0.,0.,-1.));
#2251=DIRECTION('ref_axis',(1.,0.,0.));
#2252=DIRECTION('center_axis',(0.,0.,1.));
#2253=DIRECTION('ref_axis',(1.,0.,0.));
#2254=DIRECTION('center_axis',(0.,0.,-1.));
#2255=DIRECTION('ref_axis',(1.,0.,0.));
#2256=DIRECTION('',(0.,0.,1.));
#2257=DIRECTION('center_axis',(0.,0.,1.));
#2258=DIRECTION('ref_axis',(1.,0.,0.));
#2259=DIRECTION('center_axis',(0.,0.,-1.));
#2260=DIRECTION('ref_axis',(1.,0.,0.));
#2261=DIRECTION('',(0.,0.,1.));
#2262=DIRECTION('center_axis',(0.,0.,-1.));
#2263=DIRECTION('ref_axis',(1.,0.,0.));
#2264=DIRECTION('center_axis',(0.,0.,1.));
#2265=DIRECTION('ref_axis',(1.,0.,0.));
#2266=DIRECTION('center_axis',(0.,0.,-1.));
#2267=DIRECTION('ref_axis',(1.,0.,0.));
#2268=DIRECTION('center_axis',(0.,0.,1.));
#2269=DIRECTION('ref_axis',(1.,0.,0.));
#2270=DIRECTION('',(0.,0.,1.));
#2271=DIRECTION('center_axis',(0.,0.,1.));
#2272=DIRECTION('ref_axis',(1.,0.,0.));
#2273=DIRECTION('center_axis',(0.,0.,-1.));
#2274=DIRECTION('ref_axis',(1.,0.,0.));
#2275=DIRECTION('center_axis',(0.,0.,1.));
#2276=DIRECTION('ref_axis',(1.,0.,0.));
#2277=DIRECTION('',(0.,0.,1.));
#2278=DIRECTION('center_axis',(0.,0.,1.));
#2279=DIRECTION('ref_axis',(1.,0.,0.));
#2280=DIRECTION('center_axis',(0.,0.,-1.));
#2281=DIRECTION('ref_axis',(1.,0.,0.));
#2282=DIRECTION('center_axis',(0.,0.,1.));
#2283=DIRECTION('ref_axis',(1.,0.,0.));
#2284=DIRECTION('',(0.,0.,1.));
#2285=DIRECTION('center_axis',(0.,0.,1.));
#2286=DIRECTION('ref_axis',(1.,0.,0.));
#2287=DIRECTION('center_axis',(0.,0.,-1.));
#2288=DIRECTION('ref_axis',(1.,0.,0.));
#2289=DIRECTION('center_axis',(0.,0.,1.));
#2290=DIRECTION('ref_axis',(1.,0.,0.));
#2291=DIRECTION('',(0.,0.,1.));
#2292=DIRECTION('center_axis',(1.,1.41824897357305E-15,0.));
#2293=DIRECTION('ref_axis',(1.41824897357305E-15,-1.,0.));
#2294=DIRECTION('',(1.41824897357305E-15,-1.,0.));
#2295=DIRECTION('center_axis',(0.,0.,1.));
#2296=DIRECTION('ref_axis',(1.,0.,0.));
#2297=DIRECTION('center_axis',(6.96115737599822E-15,1.,0.));
#2298=DIRECTION('ref_axis',(1.,-6.96115737599822E-15,0.));
#2299=DIRECTION('',(1.,-6.96115737599822E-15,0.));
#2300=DIRECTION('',(0.,0.,-1.));
#2301=DIRECTION('',(1.,-6.96115737599822E-15,0.));
#2302=DIRECTION('',(0.,0.,-1.));
#2303=DIRECTION('center_axis',(-1.,0.,0.));
#2304=DIRECTION('ref_axis',(0.,1.,0.));
#2305=DIRECTION('',(0.,1.,0.));
#2306=DIRECTION('',(0.,1.,0.));
#2307=DIRECTION('',(0.,0.,-1.));
#2308=DIRECTION('center_axis',(0.,-1.,0.));
#2309=DIRECTION('ref_axis',(-1.,0.,0.));
#2310=DIRECTION('',(-1.,0.,0.));
#2311=DIRECTION('',(-1.,0.,0.));
#2312=DIRECTION('',(0.,0.,-1.));
#2313=DIRECTION('center_axis',(1.,0.,0.));
#2314=DIRECTION('ref_axis',(0.,-1.,0.));
#2315=DIRECTION('',(0.,1.,0.));
#2316=DIRECTION('',(0.,-1.,0.));
#2317=DIRECTION('center_axis',(0.,0.,1.));
#2318=DIRECTION('ref_axis',(1.,0.,0.));
#2319=DIRECTION('center_axis',(0.,0.,-1.));
#2320=DIRECTION('ref_axis',(1.,0.,0.));
#2321=DIRECTION('',(0.,0.,1.));
#2322=DIRECTION('center_axis',(0.,0.,-1.));
#2323=DIRECTION('ref_axis',(1.,0.,0.));
#2324=DIRECTION('center_axis',(0.,0.,1.));
#2325=DIRECTION('ref_axis',(1.,0.,0.));
#2326=DIRECTION('center_axis',(0.,0.,-1.));
#2327=DIRECTION('ref_axis',(1.,0.,0.));
#2328=DIRECTION('',(0.,0.,1.));
#2329=DIRECTION('center_axis',(0.,0.,-1.));
#2330=DIRECTION('ref_axis',(1.,0.,0.));
#2331=DIRECTION('center_axis',(0.,0.,1.));
#2332=DIRECTION('ref_axis',(1.,0.,0.));
#2333=DIRECTION('center_axis',(0.,0.,-1.));
#2334=DIRECTION('ref_axis',(1.,0.,0.));
#2335=DIRECTION('',(0.,0.,1.));
#2336=DIRECTION('center_axis',(0.,0.,-1.));
#2337=DIRECTION('ref_axis',(1.,0.,0.));
#2338=DIRECTION('center_axis',(0.,0.,1.));
#2339=DIRECTION('ref_axis',(1.,0.,0.));
#2340=DIRECTION('center_axis',(0.,0.,-1.));
#2341=DIRECTION('ref_axis',(1.,0.,0.));
#2342=DIRECTION('',(0.,0.,1.));
#2343=DIRECTION('center_axis',(0.,0.,-1.));
#2344=DIRECTION('ref_axis',(1.,0.,0.));
#2345=DIRECTION('center_axis',(0.,0.,1.));
#2346=DIRECTION('ref_axis',(1.,0.,0.));
#2347=DIRECTION('center_axis',(0.,0.,-1.));
#2348=DIRECTION('ref_axis',(1.,0.,0.));
#2349=DIRECTION('center_axis',(0.,0.,1.));
#2350=DIRECTION('ref_axis',(1.,0.,0.));
#2351=DIRECTION('',(0.,0.,1.));
#2352=DIRECTION('center_axis',(0.,0.,-1.));
#2353=DIRECTION('ref_axis',(1.,0.,0.));
#2354=DIRECTION('center_axis',(0.,0.,1.));
#2355=DIRECTION('ref_axis',(1.,0.,0.));
#2356=DIRECTION('center_axis',(0.,0.,-1.));
#2357=DIRECTION('ref_axis',(1.,0.,0.));
#2358=DIRECTION('center_axis',(0.,0.,1.));
#2359=DIRECTION('ref_axis',(1.,0.,0.));
#2360=DIRECTION('',(0.,0.,1.));
#2361=DIRECTION('center_axis',(0.,0.,-1.));
#2362=DIRECTION('ref_axis',(1.,0.,0.));
#2363=DIRECTION('center_axis',(0.,0.,1.));
#2364=DIRECTION('ref_axis',(1.,0.,0.));
#2365=DIRECTION('center_axis',(0.,0.,-1.));
#2366=DIRECTION('ref_axis',(1.,0.,0.));
#2367=DIRECTION('center_axis',(0.,0.,1.));
#2368=DIRECTION('ref_axis',(1.,0.,0.));
#2369=DIRECTION('',(0.,0.,1.));
#2370=DIRECTION('center_axis',(0.,0.,-1.));
#2371=DIRECTION('ref_axis',(1.,0.,0.));
#2372=DIRECTION('center_axis',(1.,4.736951571734E-15,0.));
#2373=DIRECTION('ref_axis',(4.736951571734E-15,-1.,0.));
#2374=DIRECTION('',(4.736951571734E-15,-1.,0.));
#2375=DIRECTION('',(0.,0.,-1.));
#2376=DIRECTION('',(4.736951571734E-15,-1.,0.));
#2377=DIRECTION('',(0.,0.,-1.));
#2378=DIRECTION('center_axis',(0.,1.,0.));
#2379=DIRECTION('ref_axis',(1.,0.,0.));
#2380=DIRECTION('',(0.,0.,-1.));
#2381=DIRECTION('',(1.,0.,0.));
#2382=DIRECTION('',(1.,0.,0.));
#2383=DIRECTION('center_axis',(0.,0.,1.));
#2384=DIRECTION('ref_axis',(1.,0.,0.));
#2385=DIRECTION('',(0.,1.,0.));
#2386=DIRECTION('',(-1.,0.,0.));
#2387=DIRECTION('center_axis',(0.,0.,1.));
#2388=DIRECTION('ref_axis',(1.,0.,0.));
#2389=DIRECTION('center_axis',(0.,0.,-1.));
#2390=DIRECTION('ref_axis',(1.,0.,0.));
#2391=DIRECTION('center_axis',(0.,0.,1.));
#2392=DIRECTION('ref_axis',(1.,0.,0.));
#2393=DIRECTION('',(0.,0.,1.));
#2394=DIRECTION('center_axis',(0.,0.,-1.));
#2395=DIRECTION('ref_axis',(1.,0.,0.));
#2396=DIRECTION('center_axis',(0.,0.,1.));
#2397=DIRECTION('ref_axis',(1.,0.,0.));
#2398=DIRECTION('center_axis',(0.,-1.,0.));
#2399=DIRECTION('ref_axis',(-1.,0.,0.));
#2400=DIRECTION('',(0.,0.,1.));
#2401=DIRECTION('',(-1.,0.,0.));
#2402=DIRECTION('center_axis',(1.,0.,0.));
#2403=DIRECTION('ref_axis',(0.,1.,0.));
#2404=DIRECTION('',(0.,-1.,0.));
#2405=DIRECTION('center_axis',(0.,0.,1.));
#2406=DIRECTION('ref_axis',(1.,0.,0.));
#2407=DIRECTION('center_axis',(0.,0.,-1.));
#2408=DIRECTION('ref_axis',(0.,1.,0.));
#2409=DIRECTION('',(1.,0.,0.));
#2410=DIRECTION('',(0.,1.,0.));
#2411=DIRECTION('',(-1.,0.,0.));
#2412=DIRECTION('',(0.,-1.,0.));
#2413=DIRECTION('',(1.,0.,0.));
#2414=DIRECTION('',(0.,1.,0.));
#2415=DIRECTION('',(1.,0.,0.));
#2416=DIRECTION('',(0.,-1.,0.));
#2417=DIRECTION('center_axis',(1.,0.,0.));
#2418=DIRECTION('ref_axis',(0.,1.,0.));
#2419=DIRECTION('',(0.,0.,-1.));
#2420=DIRECTION('',(0.,1.,0.));
#2421=DIRECTION('',(0.,0.,1.));
#2422=DIRECTION('',(0.,-1.,0.));
#2423=DIRECTION('',(0.,0.,1.));
#2424=DIRECTION('',(0.,1.,0.));
#2425=DIRECTION('',(0.,0.,1.));
#2426=DIRECTION('center_axis',(1.,0.,0.));
#2427=DIRECTION('ref_axis',(0.,1.,0.));
#2428=DIRECTION('',(0.,0.,-1.));
#2429=DIRECTION('',(0.,0.,-1.));
#2430=DIRECTION('',(0.,-1.,0.));
#2431=DIRECTION('',(0.,0.,1.));
#2432=DIRECTION('',(0.,1.,0.));
#2433=DIRECTION('',(0.,0.,-1.));
#2434=DIRECTION('',(0.,1.,0.));
#2435=DIRECTION('center_axis',(0.,-1.,0.));
#2436=DIRECTION('ref_axis',(0.,0.,-1.));
#2437=DIRECTION('',(0.,0.,-1.));
#2438=DIRECTION('',(1.,0.,0.));
#2439=DIRECTION('',(1.,0.,0.));
#2440=DIRECTION('',(0.,0.,1.));
#2441=DIRECTION('',(1.,0.,0.));
#2442=DIRECTION('center_axis',(0.,0.,1.));
#2443=DIRECTION('ref_axis',(0.,-1.,0.));
#2444=DIRECTION('',(0.,-1.,0.));
#2445=DIRECTION('',(1.,0.,0.));
#2446=DIRECTION('',(1.,0.,0.));
#2447=DIRECTION('center_axis',(0.,-1.,0.));
#2448=DIRECTION('ref_axis',(0.,0.,-1.));
#2449=DIRECTION('',(0.,0.,-1.));
#2450=DIRECTION('',(1.,0.,0.));
#2451=DIRECTION('center_axis',(0.,0.,-1.));
#2452=DIRECTION('ref_axis',(0.,1.,0.));
#2453=DIRECTION('',(0.,1.,0.));
#2454=DIRECTION('',(1.,0.,0.));
#2455=DIRECTION('center_axis',(0.,0.,1.));
#2456=DIRECTION('ref_axis',(0.,-1.,0.));
#2457=DIRECTION('',(0.,1.,0.));
#2458=DIRECTION('',(1.,0.,0.));
#2459=DIRECTION('',(1.,0.,0.));
#2460=DIRECTION('center_axis',(0.,1.,0.));
#2461=DIRECTION('ref_axis',(0.,0.,1.));
#2462=DIRECTION('',(0.,0.,1.));
#2463=DIRECTION('',(-1.,0.,0.));
#2464=DIRECTION('',(0.,0.,-1.));
#2465=DIRECTION('center_axis',(0.,1.,0.));
#2466=DIRECTION('ref_axis',(0.,0.,1.));
#2467=DIRECTION('',(0.,0.,-1.));
#2468=DIRECTION('center_axis',(0.,-1.,0.));
#2469=DIRECTION('ref_axis',(0.,0.,-1.));
#2470=DIRECTION('',(0.,0.,-1.));
#2471=DIRECTION('',(1.,0.,0.));
#2472=DIRECTION('center_axis',(0.,0.,1.));
#2473=DIRECTION('ref_axis',(0.,-1.,0.));
#2474=DIRECTION('',(0.,1.,0.));
#2475=DIRECTION('center_axis',(1.,0.,0.));
#2476=DIRECTION('ref_axis',(0.,1.,0.));
#2477=DIRECTION('',(0.,0.,-1.));
#2478=DIRECTION('',(0.,0.,1.));
#2479=DIRECTION('',(0.,1.,0.));
#2480=DIRECTION('',(0.,0.,1.));
#2481=DIRECTION('',(0.,-1.,0.));
#2482=DIRECTION('',(0.,1.,0.));
#2483=DIRECTION('center_axis',(0.,0.,1.));
#2484=DIRECTION('ref_axis',(1.,0.,0.));
#2485=DIRECTION('',(0.,-1.,0.));
#2486=DIRECTION('center_axis',(-1.,0.,0.));
#2487=DIRECTION('ref_axis',(0.,-1.,0.));
#2488=DIRECTION('center_axis',(0.,-1.,0.));
#2489=DIRECTION('ref_axis',(0.,0.,-1.));
#2490=DIRECTION('center_axis',(0.,1.,0.));
#2491=DIRECTION('ref_axis',(0.,0.,1.));
#2492=DIRECTION('',(1.,0.,0.));
#2493=DIRECTION('center_axis',(0.,0.,-1.));
#2494=DIRECTION('ref_axis',(0.,1.,0.));
#2495=DIRECTION('',(1.,0.,0.));
#2496=DIRECTION('center_axis',(0.,1.,0.));
#2497=DIRECTION('ref_axis',(0.,0.,1.));
#2498=DIRECTION('',(1.,0.,0.));
#2499=DIRECTION('center_axis',(0.,0.,1.));
#2500=DIRECTION('ref_axis',(0.,-1.,0.));
#2501=CARTESIAN_POINT('',(0.,0.,0.));
#2502=CARTESIAN_POINT('Origin',(61.1106686045949,-61.9125,-70.0000002980232));
#2503=CARTESIAN_POINT('',(133.35,10.,-70.0000002980232));
#2504=CARTESIAN_POINT('',(133.35,-133.824999999998,-70.0000002980232));
#2505=CARTESIAN_POINT('',(133.35,-61.9124999999995,-70.0000002980232));
#2506=CARTESIAN_POINT('',(-13.7148122244488,10.,-70.0000002980232));
#2507=CARTESIAN_POINT('',(-13.7148122244488,10.,-70.0000002980232));
#2508=CARTESIAN_POINT('',(-13.7148122244488,-133.824999999997,-70.0000002980232));
#2509=CARTESIAN_POINT('',(-13.7148122244488,-133.824999999997,-70.0000002980232));
#2510=CARTESIAN_POINT('',(-13.7148122244488,-133.824999999997,-70.0000002980232));
#2511=CARTESIAN_POINT('',(129.065870717455,-102.25,-70.0000002980232));
#2512=CARTESIAN_POINT('',(129.065870717455,-88.25,-70.0000002980232));
#2513=CARTESIAN_POINT('',(129.065870717455,-133.825,-70.0000002980232));
#2514=CARTESIAN_POINT('',(129.00000192225,-102.25,-70.0000002980232));
#2515=CARTESIAN_POINT('',(122.0875,-102.25,-70.0000002980232));
#2516=CARTESIAN_POINT('',(129.00000192225,-88.25,-70.0000002980232));
#2517=CARTESIAN_POINT('',(129.00000192225,-122.000001817942,-70.0000002980232));
#2518=CARTESIAN_POINT('',(122.0875,-88.25,-70.0000002980232));
#2519=CARTESIAN_POINT('',(129.065870717455,-45.1,-70.0000002980232));
#2520=CARTESIAN_POINT('',(129.065870717455,-31.1,-70.0000002980232));
#2521=CARTESIAN_POINT('',(129.065870717455,-133.825,-70.0000002980232));
#2522=CARTESIAN_POINT('',(129.00000192225,-45.1,-70.0000002980232));
#2523=CARTESIAN_POINT('',(117.325,-45.1,-70.0000002980232));
#2524=CARTESIAN_POINT('',(129.00000192225,-31.1,-70.0000002980232));
#2525=CARTESIAN_POINT('',(129.00000192225,-122.000001817942,-70.0000002980232));
#2526=CARTESIAN_POINT('',(117.325,-31.1,-70.0000002980232));
#2527=CARTESIAN_POINT('',(125.729138074924,2.92893218813453,-70.0000002980232));
#2528=CARTESIAN_POINT('Origin',(126.729138074924,2.92893218813453,-70.0000002980232));
#2529=CARTESIAN_POINT('',(-7.64374441258332,2.92893218813453,-70.0000002980232));
#2530=CARTESIAN_POINT('Origin',(-6.64374441258332,2.92893218813453,-70.0000002980232));
#2531=CARTESIAN_POINT('',(125.729138074924,-126.753932188135,-70.0000002980232));
#2532=CARTESIAN_POINT('Origin',(126.729138074924,-126.753932188135,-70.0000002980232));
#2533=CARTESIAN_POINT('',(-7.64374441258445,-126.753932188132,-70.0000002980232));
#2534=CARTESIAN_POINT('Origin',(-6.64374441258445,-126.753932188132,-70.0000002980232));
#2535=CARTESIAN_POINT('',(79.96875,-107.3,-70.0000002980232));
#2536=CARTESIAN_POINT('Origin',(80.96875,-107.3,-70.0000002980232));
#2537=CARTESIAN_POINT('',(129.00000192225,-121.3,-70.0000002980232));
#2538=CARTESIAN_POINT('',(129.065870717455,-121.3,-70.0000002980232));
#2539=CARTESIAN_POINT('',(124.46875,-121.3,-70.0000002980232));
#2540=CARTESIAN_POINT('',(129.00000192225,-107.3,-70.0000002980232));
#2541=CARTESIAN_POINT('',(129.00000192225,-122.000001817942,-70.0000002980232));
#2542=CARTESIAN_POINT('',(129.065870717455,-107.3,-70.0000002980232));
#2543=CARTESIAN_POINT('',(124.46875,-107.3,-70.0000002980232));
#2544=CARTESIAN_POINT('',(129.065870717455,-133.825,-70.0000002980232));
#2545=CARTESIAN_POINT('',(129.065870717455,-16.525,-70.0000002980232));
#2546=CARTESIAN_POINT('',(129.065870717455,-2.525,-70.0000002980232));
#2547=CARTESIAN_POINT('',(129.065870717455,-133.825,-70.0000002980232));
#2548=CARTESIAN_POINT('',(129.00000192225,-16.525,-70.0000002980232));
#2549=CARTESIAN_POINT('',(126.85,-16.525,-70.0000002980232));
#2550=CARTESIAN_POINT('',(129.00000192225,-2.525,-70.0000002980232));
#2551=CARTESIAN_POINT('',(129.00000192225,-122.000001817942,-70.0000002980232));
#2552=CARTESIAN_POINT('',(126.85,-2.525,-70.0000002980232));
#2553=CARTESIAN_POINT('',(129.00000192225,-64.15,-70.0000002980232));
#2554=CARTESIAN_POINT('',(129.065870717455,-64.15,-70.0000002980232));
#2555=CARTESIAN_POINT('',(126.85,-64.15,-70.0000002980232));
#2556=CARTESIAN_POINT('',(129.00000192225,-50.15,-70.0000002980232));
#2557=CARTESIAN_POINT('',(129.00000192225,-122.000001817942,-70.0000002980232));
#2558=CARTESIAN_POINT('',(129.065870717455,-50.15,-70.0000002980232));
#2559=CARTESIAN_POINT('',(126.85,-50.15,-70.0000002980232));
#2560=CARTESIAN_POINT('',(129.065870717455,-133.825,-70.0000002980232));
#2561=CARTESIAN_POINT('Origin',(129.065870717455,-121.3,-70.0000002980232));
#2562=CARTESIAN_POINT('',(129.065870717455,-2.525,-72.0000002980232));
#2563=CARTESIAN_POINT('',(129.065870717455,-2.525,-70.0000002980232));
#2564=CARTESIAN_POINT('',(129.065870717455,-16.525,-72.0000002980232));
#2565=CARTESIAN_POINT('',(129.065870717455,0.,-72.0000002980232));
#2566=CARTESIAN_POINT('',(129.065870717455,-16.525,-70.0000002980232));
#2567=CARTESIAN_POINT('Origin',(129.065870717455,-121.3,-70.0000002980232));
#2568=CARTESIAN_POINT('',(129.065870717455,-121.3,-72.0000002980232));
#2569=CARTESIAN_POINT('',(129.065870717455,-121.3,-70.0000002980232));
#2570=CARTESIAN_POINT('',(129.065870717455,-107.3,-72.0000002980232));
#2571=CARTESIAN_POINT('',(129.065870717455,-107.3,-70.0000002980232));
#2572=CARTESIAN_POINT('',(129.065870717455,0.,-72.0000002980232));
#2573=CARTESIAN_POINT('Origin',(129.065870717455,-121.3,-70.0000002980232));
#2574=CARTESIAN_POINT('',(129.065870717455,-88.25,-72.0000002980232));
#2575=CARTESIAN_POINT('',(129.065870717455,-88.25,-70.0000002980232));
#2576=CARTESIAN_POINT('',(129.065870717455,-102.25,-72.0000002980232));
#2577=CARTESIAN_POINT('',(129.065870717455,0.,-72.0000002980232));
#2578=CARTESIAN_POINT('',(129.065870717455,-102.25,-70.0000002980232));
#2579=CARTESIAN_POINT('Origin',(129.065870717455,-121.3,-70.0000002980232));
#2580=CARTESIAN_POINT('',(129.065870717455,-31.1,-72.0000002980232));
#2581=CARTESIAN_POINT('',(129.065870717455,-31.1,-70.0000002980232));
#2582=CARTESIAN_POINT('',(129.065870717455,-45.1,-72.0000002980232));
#2583=CARTESIAN_POINT('',(129.065870717455,0.,-72.0000002980232));
#2584=CARTESIAN_POINT('',(129.065870717455,-45.1,-70.0000002980232));
#2585=CARTESIAN_POINT('Origin',(129.065870717455,-121.3,-70.0000002980232));
#2586=CARTESIAN_POINT('',(129.065870717455,-64.15,-72.0000002980232));
#2587=CARTESIAN_POINT('',(129.065870717455,-64.15,-70.0000002980232));
#2588=CARTESIAN_POINT('',(129.065870717455,-50.15,-72.0000002980232));
#2589=CARTESIAN_POINT('',(129.065870717455,-50.15,-70.0000002980232));
#2590=CARTESIAN_POINT('',(129.065870717455,0.,-72.0000002980232));
#2591=CARTESIAN_POINT('Origin',(135.936149433639,-64.15,-70.0000002980232));
#2592=CARTESIAN_POINT('',(129.00000192225,-64.15,-72.0000002980232));
#2593=CARTESIAN_POINT('',(126.85,-64.15,-72.0000002980232));
#2594=CARTESIAN_POINT('',(129.00000192225,-64.15,-71.0000002980232));
#2595=CARTESIAN_POINT('Origin',(117.325,-31.1,-70.0000002980232));
#2596=CARTESIAN_POINT('',(129.00000192225,-31.1,-72.0000002980232));
#2597=CARTESIAN_POINT('',(129.00000192225,-31.1,-71.0000002980232));
#2598=CARTESIAN_POINT('',(117.325,-31.1,-72.0000002980232));
#2599=CARTESIAN_POINT('Origin',(61.1106686045949,-61.9125,-72.0000002980232));
#2600=CARTESIAN_POINT('',(133.35,-133.824999999998,-72.0000002980232));
#2601=CARTESIAN_POINT('',(133.35,10.,-72.0000002980232));
#2602=CARTESIAN_POINT('',(133.35,-61.9124999999995,-72.0000002980232));
#2603=CARTESIAN_POINT('',(-13.7148122244488,-133.824999999997,-72.0000002980232));
#2604=CARTESIAN_POINT('',(-13.7148122244488,-133.824999999997,-72.0000002980232));
#2605=CARTESIAN_POINT('',(-13.7148122244488,10.,-72.0000002980232));
#2606=CARTESIAN_POINT('',(-13.7148122244488,-133.824999999997,-72.0000002980232));
#2607=CARTESIAN_POINT('',(-13.7148122244488,10.,-72.0000002980232));
#2608=CARTESIAN_POINT('',(129.00000192225,-2.525,-72.0000002980232));
#2609=CARTESIAN_POINT('',(126.85,-2.525,-72.0000002980232));
#2610=CARTESIAN_POINT('',(129.00000192225,-16.525,-72.0000002980232));
#2611=CARTESIAN_POINT('',(129.00000192225,-122.000001817942,-72.0000002980232));
#2612=CARTESIAN_POINT('',(126.85,-16.525,-72.0000002980232));
#2613=CARTESIAN_POINT('',(129.00000192225,-88.25,-72.0000002980232));
#2614=CARTESIAN_POINT('',(122.0875,-88.25,-72.0000002980232));
#2615=CARTESIAN_POINT('',(129.00000192225,-102.25,-72.0000002980232));
#2616=CARTESIAN_POINT('',(129.00000192225,-122.000001817942,-72.0000002980232));
#2617=CARTESIAN_POINT('',(122.0875,-102.25,-72.0000002980232));
#2618=CARTESIAN_POINT('',(129.00000192225,-50.15,-72.0000002980232));
#2619=CARTESIAN_POINT('',(126.85,-50.15,-72.0000002980232));
#2620=CARTESIAN_POINT('',(129.00000192225,-122.000001817942,-72.0000002980232));
#2621=CARTESIAN_POINT('',(79.96875,-107.3,-72.0000002980232));
#2622=CARTESIAN_POINT('Origin',(80.96875,-107.3,-72.0000002980232));
#2623=CARTESIAN_POINT('',(-8.64374441258332,2.92893218813452,-72.0000002980232));
#2624=CARTESIAN_POINT('Origin',(-6.64374441258332,2.92893218813453,-72.0000002980232));
#2625=CARTESIAN_POINT('',(124.729138074924,-126.753932188135,-72.0000002980232));
#2626=CARTESIAN_POINT('Origin',(126.729138074924,-126.753932188135,-72.0000002980232));
#2627=CARTESIAN_POINT('',(124.729138074924,2.92893218813452,-72.0000002980232));
#2628=CARTESIAN_POINT('Origin',(126.729138074924,2.92893218813453,-72.0000002980232));
#2629=CARTESIAN_POINT('',(-8.64374441258445,-126.753932188132,-72.0000002980232));
#2630=CARTESIAN_POINT('Origin',(-6.64374441258445,-126.753932188132,-72.0000002980232));
#2631=CARTESIAN_POINT('',(129.00000192225,-45.1,-72.0000002980232));
#2632=CARTESIAN_POINT('',(129.00000192225,-122.000001817942,-72.0000002980232));
#2633=CARTESIAN_POINT('',(117.325,-45.1,-72.0000002980232));
#2634=CARTESIAN_POINT('',(129.00000192225,-107.3,-72.0000002980232));
#2635=CARTESIAN_POINT('',(124.46875,-107.3,-72.0000002980232));
#2636=CARTESIAN_POINT('',(129.00000192225,-121.3,-72.0000002980232));
#2637=CARTESIAN_POINT('',(129.00000192225,-122.000001817942,-72.0000002980232));
#2638=CARTESIAN_POINT('',(124.46875,-121.3,-72.0000002980232));
#2639=CARTESIAN_POINT('Origin',(126.85,-50.15,-70.0000002980232));
#2640=CARTESIAN_POINT('',(129.00000192225,-50.15,-71.0000002980232));
#2641=CARTESIAN_POINT('Origin',(129.00000192225,-16.525,-72.0000002980232));
#2642=CARTESIAN_POINT('',(129.00000192225,-2.525,-71.0000002980232));
#2643=CARTESIAN_POINT('',(129.00000192225,-16.525,-71.0000002980232));
#2644=CARTESIAN_POINT('Origin',(126.85,-2.525,-70.0000002980232));
#2645=CARTESIAN_POINT('Origin',(133.35,-16.525,-70.0000002980232));
#2646=CARTESIAN_POINT('Origin',(129.00000192225,-102.25,-72.0000002980232));
#2647=CARTESIAN_POINT('',(129.00000192225,-88.25,-71.0000002980232));
#2648=CARTESIAN_POINT('',(129.00000192225,-102.25,-71.0000002980232));
#2649=CARTESIAN_POINT('Origin',(122.0875,-88.25,-70.0000002980232));
#2650=CARTESIAN_POINT('Origin',(129.065870717455,-102.25,-70.0000002980232));
#2651=CARTESIAN_POINT('Origin',(129.00000192225,-64.15,-72.0000002980232));
#2652=CARTESIAN_POINT('Origin',(129.00000192225,-45.1,-72.0000002980232));
#2653=CARTESIAN_POINT('',(129.00000192225,-45.1,-71.0000002980232));
#2654=CARTESIAN_POINT('Origin',(130.325,-45.1,-70.0000002980232));
#2655=CARTESIAN_POINT('Origin',(129.00000192225,-121.3,-72.0000002980232));
#2656=CARTESIAN_POINT('',(129.00000192225,-107.3,-71.0000002980232));
#2657=CARTESIAN_POINT('',(129.00000192225,-121.3,-71.0000002980232));
#2658=CARTESIAN_POINT('Origin',(124.46875,-107.3,-70.0000002980232));
#2659=CARTESIAN_POINT('Origin',(129.065870717455,-121.3,-70.0000002980232));
#2660=CARTESIAN_POINT('Origin',(-6.64374441258445,-126.753932188132,-70.0000002980232));
#2661=CARTESIAN_POINT('',(-7.64374441258445,-126.753932188132,-71.0000002980232));
#2662=CARTESIAN_POINT('Origin',(-6.64374441258445,-126.753932188132,-71.0000002980232));
#2663=CARTESIAN_POINT('',(-7.64374441258445,-126.753932188132,-70.0000002980232));
#2664=CARTESIAN_POINT('Origin',(-6.64374441258445,-126.753932188132,-71.0000002980232));
#2665=CARTESIAN_POINT('',(-8.64374441258445,-126.753932188132,-71.0000002980232));
#2666=CARTESIAN_POINT('Origin',(-6.64374441258445,-126.753932188132,-71.0000002980232));
#2667=CARTESIAN_POINT('Origin',(126.729138074924,-126.753932188135,-70.0000002980232));
#2668=CARTESIAN_POINT('',(125.729138074924,-126.753932188135,-71.0000002980232));
#2669=CARTESIAN_POINT('Origin',(126.729138074924,-126.753932188135,-71.0000002980232));
#2670=CARTESIAN_POINT('',(125.729138074924,-126.753932188135,-70.0000002980232));
#2671=CARTESIAN_POINT('Origin',(126.729138074924,-126.753932188135,-71.0000002980232));
#2672=CARTESIAN_POINT('',(124.729138074924,-126.753932188135,-71.0000002980232));
#2673=CARTESIAN_POINT('Origin',(126.729138074924,-126.753932188135,-71.0000002980232));
#2674=CARTESIAN_POINT('Origin',(-6.64374441258332,2.92893218813453,-70.0000002980232));
#2675=CARTESIAN_POINT('',(-7.64374441258332,2.92893218813453,-71.0000002980232));
#2676=CARTESIAN_POINT('Origin',(-6.64374441258332,2.92893218813453,-71.0000002980232));
#2677=CARTESIAN_POINT('',(-7.64374441258332,2.92893218813453,-70.0000002980232));
#2678=CARTESIAN_POINT('Origin',(-6.64374441258332,2.92893218813453,-71.0000002980232));
#2679=CARTESIAN_POINT('',(-8.64374441258332,2.92893218813453,-71.0000002980232));
#2680=CARTESIAN_POINT('Origin',(-6.64374441258332,2.92893218813453,-71.0000002980232));
#2681=CARTESIAN_POINT('Origin',(126.729138074924,2.92893218813453,-70.0000002980232));
#2682=CARTESIAN_POINT('',(125.729138074924,2.92893218813453,-71.0000002980232));
#2683=CARTESIAN_POINT('Origin',(126.729138074924,2.92893218813453,-71.0000002980232));
#2684=CARTESIAN_POINT('',(125.729138074924,2.92893218813453,-70.0000002980232));
#2685=CARTESIAN_POINT('Origin',(126.729138074924,2.92893218813453,-71.0000002980232));
#2686=CARTESIAN_POINT('',(124.729138074924,2.92893218813453,-71.0000002980232));
#2687=CARTESIAN_POINT('Origin',(126.729138074924,2.92893218813453,-71.0000002980232));
#2688=CARTESIAN_POINT('Origin',(-6.64374441258445,-126.753932188132,-70.0000002980232));
#2689=CARTESIAN_POINT('',(-8.64374441258445,-126.753932188132,-70.0000002980232));
#2690=CARTESIAN_POINT('Origin',(126.729138074924,2.92893218813453,-70.0000002980232));
#2691=CARTESIAN_POINT('',(124.729138074924,2.92893218813453,-70.0000002980232));
#2692=CARTESIAN_POINT('Origin',(126.729138074924,-126.753932188135,-70.0000002980232));
#2693=CARTESIAN_POINT('',(124.729138074924,-126.753932188135,-70.0000002980232));
#2694=CARTESIAN_POINT('Origin',(80.96875,-107.3,-70.0000002980232));
#2695=CARTESIAN_POINT('',(79.96875,-107.3,-70.0000002980232));
#2696=CARTESIAN_POINT('Origin',(-6.64374441258332,2.92893218813453,-70.0000002980232));
#2697=CARTESIAN_POINT('',(-8.64374441258332,2.92893218813453,-70.0000002980232));
#2698=CARTESIAN_POINT('Origin',(-13.7148122244488,-133.824999999997,-70.0000002980232));
#2699=CARTESIAN_POINT('',(-13.7148122244488,-133.824999999997,-70.0000002980232));
#2700=CARTESIAN_POINT('',(133.35,-133.824999999998,-70.5000002980232));
#2701=CARTESIAN_POINT('Origin',(-13.7148122244488,10.,-70.0000002980232));
#2702=CARTESIAN_POINT('',(-13.7148122244488,10.,-70.0000002980232));
#2703=CARTESIAN_POINT('Origin',(133.35,10.,-70.0000002980232));
#2704=CARTESIAN_POINT('',(133.35,10.,-70.0000002980232));
#2705=CARTESIAN_POINT('Origin',(133.35,-2.525,-70.0000002980232));
#2706=CARTESIAN_POINT('Origin',(183.595435358728,-61.9125,-70.0000002980232));
#2707=CARTESIAN_POINT('',(133.35,-133.824999999998,-70.0000002980232));
#2708=CARTESIAN_POINT('',(133.35,10.,-70.0000002980232));
#2709=CARTESIAN_POINT('',(133.35,-61.9125000000001,-70.0000002980232));
#2710=CARTESIAN_POINT('',(238.125,-133.825,-70.0000002980232));
#2711=CARTESIAN_POINT('',(-13.7148122244488,-133.824999999997,-70.0000002980232));
#2712=CARTESIAN_POINT('',(238.125,10.,-70.0000002980232));
#2713=CARTESIAN_POINT('',(238.125,-2.525,-70.0000002980232));
#2714=CARTESIAN_POINT('',(-13.7148122244488,10.,-70.0000002980232));
#2715=CARTESIAN_POINT('',(179.96875,-107.3,-70.0000002980232));
#2716=CARTESIAN_POINT('Origin',(180.96875,-107.3,-70.0000002980232));
#2717=CARTESIAN_POINT('',(139.421067811865,-126.753932188135,-70.0000002980232));
#2718=CARTESIAN_POINT('Origin',(140.421067811865,-126.753932188135,-70.0000002980232));
#2719=CARTESIAN_POINT('',(229.94544884192,-126.753932188135,-70.0000002980232));
#2720=CARTESIAN_POINT('Origin',(230.94544884192,-126.753932188135,-70.0000002980232));
#2721=CARTESIAN_POINT('',(139.421067811865,2.92893218813453,-70.0000002980232));
#2722=CARTESIAN_POINT('Origin',(140.421067811865,2.92893218813453,-70.0000002980232));
#2723=CARTESIAN_POINT('',(229.94544884192,2.92893218813453,-70.0000002980232));
#2724=CARTESIAN_POINT('Origin',(230.94544884192,2.92893218813453,-70.0000002980232));
#2725=CARTESIAN_POINT('Origin',(238.125,-2.525,-70.0000002980232));
#2726=CARTESIAN_POINT('',(238.125,-133.825,-72.0000002980232));
#2727=CARTESIAN_POINT('',(238.125,-133.825,-70.0000002980232));
#2728=CARTESIAN_POINT('',(238.125,10.,-72.0000002980232));
#2729=CARTESIAN_POINT('',(238.125,-83.2,-72.0000002980232));
#2730=CARTESIAN_POINT('',(238.125,10.,-70.0000002980232));
#2731=CARTESIAN_POINT('Origin',(238.125,10.,-70.0000002980232));
#2732=CARTESIAN_POINT('',(133.35,10.,-72.0000002980232));
#2733=CARTESIAN_POINT('',(-13.7148122244488,10.,-72.0000002980232));
#2734=CARTESIAN_POINT('',(133.35,10.,-70.0000002980232));
#2735=CARTESIAN_POINT('Origin',(129.065870717455,-133.824999999998,-70.0000002980232));
#2736=CARTESIAN_POINT('',(133.35,-133.824999999998,-72.0000002980232));
#2737=CARTESIAN_POINT('',(133.35,-133.824999999998,-70.5000002980232));
#2738=CARTESIAN_POINT('',(-13.7148122244488,-133.824999999997,-72.0000002980232));
#2739=CARTESIAN_POINT('Origin',(140.421067811865,2.92893218813453,-70.0000002980232));
#2740=CARTESIAN_POINT('',(138.421067811865,2.92893218813453,-72.0000002980232));
#2741=CARTESIAN_POINT('Origin',(140.421067811865,2.92893218813453,-72.0000002980232));
#2742=CARTESIAN_POINT('',(138.421067811865,2.92893218813453,-71.0000002980232));
#2743=CARTESIAN_POINT('',(138.421067811865,2.92893218813453,-70.0000002980232));
#2744=CARTESIAN_POINT('Origin',(140.421067811865,2.92893218813453,-71.0000002980232));
#2745=CARTESIAN_POINT('Origin',(230.94544884192,2.92893218813453,-70.0000002980232));
#2746=CARTESIAN_POINT('',(228.94544884192,2.92893218813453,-72.0000002980232));
#2747=CARTESIAN_POINT('Origin',(230.94544884192,2.92893218813453,-72.0000002980232));
#2748=CARTESIAN_POINT('',(228.94544884192,2.92893218813453,-71.0000002980232));
#2749=CARTESIAN_POINT('',(228.94544884192,2.92893218813453,-70.0000002980232));
#2750=CARTESIAN_POINT('Origin',(230.94544884192,2.92893218813453,-71.0000002980232));
#2751=CARTESIAN_POINT('Origin',(140.421067811865,-126.753932188135,-70.0000002980232));
#2752=CARTESIAN_POINT('',(138.421067811865,-126.753932188135,-72.0000002980232));
#2753=CARTESIAN_POINT('Origin',(140.421067811865,-126.753932188135,-72.0000002980232));
#2754=CARTESIAN_POINT('',(138.421067811865,-126.753932188135,-71.0000002980232));
#2755=CARTESIAN_POINT('',(138.421067811865,-126.753932188135,-70.0000002980232));
#2756=CARTESIAN_POINT('Origin',(140.421067811865,-126.753932188135,-71.0000002980232));
#2757=CARTESIAN_POINT('Origin',(180.96875,-107.3,-70.0000002980232));
#2758=CARTESIAN_POINT('',(179.96875,-107.3,-72.0000002980232));
#2759=CARTESIAN_POINT('Origin',(180.96875,-107.3,-72.0000002980232));
#2760=CARTESIAN_POINT('',(179.96875,-107.3,-70.0000002980232));
#2761=CARTESIAN_POINT('Origin',(230.94544884192,-126.753932188135,-70.0000002980232));
#2762=CARTESIAN_POINT('',(228.94544884192,-126.753932188135,-72.0000002980232));
#2763=CARTESIAN_POINT('Origin',(230.94544884192,-126.753932188135,-72.0000002980232));
#2764=CARTESIAN_POINT('',(228.94544884192,-126.753932188135,-71.0000002980232));
#2765=CARTESIAN_POINT('',(228.94544884192,-126.753932188135,-70.0000002980232));
#2766=CARTESIAN_POINT('Origin',(230.94544884192,-126.753932188135,-71.0000002980232));
#2767=CARTESIAN_POINT('Origin',(230.94544884192,2.92893218813453,-71.0000002980232));
#2768=CARTESIAN_POINT('',(229.94544884192,2.92893218813453,-71.0000002980232));
#2769=CARTESIAN_POINT('Origin',(230.94544884192,2.92893218813453,-71.0000002980232));
#2770=CARTESIAN_POINT('Origin',(230.94544884192,2.92893218813453,-70.0000002980232));
#2771=CARTESIAN_POINT('',(229.94544884192,2.92893218813453,-70.0000002980232));
#2772=CARTESIAN_POINT('Origin',(140.421067811865,2.92893218813453,-71.0000002980232));
#2773=CARTESIAN_POINT('',(139.421067811865,2.92893218813453,-71.0000002980232));
#2774=CARTESIAN_POINT('Origin',(140.421067811865,2.92893218813453,-71.0000002980232));
#2775=CARTESIAN_POINT('Origin',(140.421067811865,2.92893218813453,-70.0000002980232));
#2776=CARTESIAN_POINT('',(139.421067811865,2.92893218813453,-70.0000002980232));
#2777=CARTESIAN_POINT('Origin',(230.94544884192,-126.753932188135,-71.0000002980232));
#2778=CARTESIAN_POINT('',(229.94544884192,-126.753932188135,-71.0000002980232));
#2779=CARTESIAN_POINT('Origin',(230.94544884192,-126.753932188135,-71.0000002980232));
#2780=CARTESIAN_POINT('Origin',(230.94544884192,-126.753932188135,-70.0000002980232));
#2781=CARTESIAN_POINT('',(229.94544884192,-126.753932188135,-70.0000002980232));
#2782=CARTESIAN_POINT('Origin',(140.421067811865,-126.753932188135,-71.0000002980232));
#2783=CARTESIAN_POINT('',(139.421067811865,-126.753932188135,-71.0000002980232));
#2784=CARTESIAN_POINT('Origin',(140.421067811865,-126.753932188135,-71.0000002980232));
#2785=CARTESIAN_POINT('Origin',(140.421067811865,-126.753932188135,-70.0000002980232));
#2786=CARTESIAN_POINT('',(139.421067811865,-126.753932188135,-70.0000002980232));
#2787=CARTESIAN_POINT('Origin',(133.35,10.,-70.0000002980232));
#2788=CARTESIAN_POINT('',(133.35,-61.9125000000001,-72.0000002980232));
#2789=CARTESIAN_POINT('Origin',(183.595435358728,-61.9125,-72.0000002980232));
#2790=CARTESIAN_POINT('Origin',(238.125,-133.824999999999,-70.0000002980232));
#2791=CARTESIAN_POINT('',(238.125,-133.825,-70.0000002980232));
#2792=CARTESIAN_POINT('',(376.7125,-133.825,-70.0000002980232));
#2793=CARTESIAN_POINT('',(-13.7148122244488,-133.824999999997,-70.0000002980232));
#2794=CARTESIAN_POINT('',(238.125,-133.825,-72.0000002980232));
#2795=CARTESIAN_POINT('',(238.125,-133.825,-70.0000002980232));
#2796=CARTESIAN_POINT('',(376.7125,-133.825,-72.0000002980232));
#2797=CARTESIAN_POINT('',(-13.7148122244488,-133.824999999997,-72.0000002980232));
#2798=CARTESIAN_POINT('',(376.7125,-133.825,-70.0000002980232));
#2799=CARTESIAN_POINT('Origin',(376.7125,-133.825,-70.0000002980232));
#2800=CARTESIAN_POINT('',(376.7125,10.,-70.0000002980232));
#2801=CARTESIAN_POINT('',(376.7125,-133.825,-70.0000002980232));
#2802=CARTESIAN_POINT('',(376.7125,10.,-72.0000002980232));
#2803=CARTESIAN_POINT('',(376.7125,-133.825,-72.0000002980232));
#2804=CARTESIAN_POINT('',(376.7125,10.,-70.0000002980232));
#2805=CARTESIAN_POINT('Origin',(376.7125,10.,-70.0000002980232));
#2806=CARTESIAN_POINT('',(238.125,10.,-70.0000002980232));
#2807=CARTESIAN_POINT('',(376.7125,10.,-70.0000002980232));
#2808=CARTESIAN_POINT('',(238.125,10.,-72.0000002980232));
#2809=CARTESIAN_POINT('',(376.7125,10.,-72.0000002980232));
#2810=CARTESIAN_POINT('',(238.125,10.,-70.0000002980232));
#2811=CARTESIAN_POINT('Origin',(238.125,-16.525,-70.0000002980232));
#2812=CARTESIAN_POINT('',(238.125,-61.9125,-70.0000002980232));
#2813=CARTESIAN_POINT('',(238.125,-61.9125,-72.0000002980232));
#2814=CARTESIAN_POINT('Origin',(369.641432188135,2.92893218813477,-70.0000002980232));
#2815=CARTESIAN_POINT('',(367.641432188135,2.92893218813477,-72.0000002980232));
#2816=CARTESIAN_POINT('Origin',(369.641432188135,2.92893218813477,-72.0000002980232));
#2817=CARTESIAN_POINT('',(367.641432188135,2.92893218813477,-71.0000002980232));
#2818=CARTESIAN_POINT('',(367.641432188135,2.92893218813477,-70.0000002980232));
#2819=CARTESIAN_POINT('Origin',(369.641432188135,2.92893218813477,-71.0000002980232));
#2820=CARTESIAN_POINT('Origin',(369.641432188136,-126.753932188132,-70.0000002980232));
#2821=CARTESIAN_POINT('',(367.641432188136,-126.753932188132,-72.0000002980232));
#2822=CARTESIAN_POINT('Origin',(369.641432188136,-126.753932188132,-72.0000002980232));
#2823=CARTESIAN_POINT('',(367.641432188136,-126.753932188132,-71.0000002980232));
#2824=CARTESIAN_POINT('',(367.641432188136,-126.753932188132,-70.0000002980232));
#2825=CARTESIAN_POINT('Origin',(369.641432188136,-126.753932188132,-71.0000002980232));
#2826=CARTESIAN_POINT('Origin',(245.196067811865,-126.753932188135,-70.0000002980232));
#2827=CARTESIAN_POINT('',(243.196067811865,-126.753932188135,-72.0000002980232));
#2828=CARTESIAN_POINT('Origin',(245.196067811865,-126.753932188135,-72.0000002980232));
#2829=CARTESIAN_POINT('',(243.196067811865,-126.753932188135,-71.0000002980232));
#2830=CARTESIAN_POINT('',(243.196067811865,-126.753932188135,-70.0000002980232));
#2831=CARTESIAN_POINT('Origin',(245.196067811865,-126.753932188135,-71.0000002980232));
#2832=CARTESIAN_POINT('Origin',(245.196067811865,2.92893218813453,-70.0000002980232));
#2833=CARTESIAN_POINT('',(243.196067811865,2.92893218813452,-72.0000002980232));
#2834=CARTESIAN_POINT('Origin',(245.196067811865,2.92893218813453,-72.0000002980232));
#2835=CARTESIAN_POINT('',(243.196067811865,2.92893218813453,-71.0000002980232));
#2836=CARTESIAN_POINT('',(243.196067811865,2.92893218813453,-70.0000002980232));
#2837=CARTESIAN_POINT('Origin',(245.196067811865,2.92893218813453,-71.0000002980232));
#2838=CARTESIAN_POINT('Origin',(369.641432188135,2.92893218813477,-71.0000002980232));
#2839=CARTESIAN_POINT('',(368.641432188135,2.92893218813453,-71.0000002980232));
#2840=CARTESIAN_POINT('Origin',(369.641432188135,2.92893218813453,-71.0000002980232));
#2841=CARTESIAN_POINT('Origin',(369.641432188135,2.92893218813453,-70.0000002980232));
#2842=CARTESIAN_POINT('',(368.641432188135,2.92893218813453,-70.0000002980232));
#2843=CARTESIAN_POINT('',(368.641432188135,2.92893218813453,-70.0000002980232));
#2844=CARTESIAN_POINT('Origin',(369.641432188135,2.92893218813453,-70.0000002980232));
#2845=CARTESIAN_POINT('Origin',(245.196067811865,2.92893218813453,-71.0000002980232));
#2846=CARTESIAN_POINT('',(244.196067811865,2.92893218813453,-71.0000002980232));
#2847=CARTESIAN_POINT('Origin',(245.196067811865,2.92893218813453,-71.0000002980232));
#2848=CARTESIAN_POINT('Origin',(245.196067811865,2.92893218813453,-70.0000002980232));
#2849=CARTESIAN_POINT('',(244.196067811865,2.92893218813453,-70.0000002980232));
#2850=CARTESIAN_POINT('',(244.196067811865,2.92893218813453,-70.0000002980232));
#2851=CARTESIAN_POINT('Origin',(245.196067811865,2.92893218813453,-70.0000002980232));
#2852=CARTESIAN_POINT('Origin',(369.641432188136,-126.753932188132,-71.0000002980232));
#2853=CARTESIAN_POINT('',(368.641432188136,-126.753932188132,-71.0000002980232));
#2854=CARTESIAN_POINT('Origin',(369.641432188136,-126.753932188132,-71.0000002980232));
#2855=CARTESIAN_POINT('Origin',(369.641432188136,-126.753932188132,-70.0000002980232));
#2856=CARTESIAN_POINT('',(368.641432188136,-126.753932188132,-70.0000002980232));
#2857=CARTESIAN_POINT('',(368.641432188136,-126.753932188132,-70.0000002980232));
#2858=CARTESIAN_POINT('Origin',(369.641432188136,-126.753932188132,-70.0000002980232));
#2859=CARTESIAN_POINT('Origin',(349.96875,-2.025,-70.0000002980232));
#2860=CARTESIAN_POINT('',(349.96875,-2.025,-71.0000002980232));
#2861=CARTESIAN_POINT('',(349.96875,-17.025,-71.0000002980232));
#2862=CARTESIAN_POINT('',(349.96875,-5.77499999999996,-71.0000002980232));
#2863=CARTESIAN_POINT('',(349.96875,-2.02500000000001,-72.0000002980232));
#2864=CARTESIAN_POINT('',(349.96875,-2.025,-70.0000002980232));
#2865=CARTESIAN_POINT('',(349.96875,-17.025,-72.0000002980232));
#2866=CARTESIAN_POINT('',(349.96875,-2.025,-72.0000002980232));
#2867=CARTESIAN_POINT('',(349.96875,-17.025,-70.0000002980232));
#2868=CARTESIAN_POINT('Origin',(309.96875,-2.025,-70.0000002980232));
#2869=CARTESIAN_POINT('',(348.125001639128,-2.02500000000001,-71.0000002980232));
#2870=CARTESIAN_POINT('',(348.125001639128,-2.02500000000001,-72.0000002980232));
#2871=CARTESIAN_POINT('',(348.125001639128,-2.025,-71.0000002980232));
#2872=CARTESIAN_POINT('',(309.96875,-2.025,-72.0000002980232));
#2873=CARTESIAN_POINT('',(322.468750000001,-2.025,-71.0000002980232));
#2874=CARTESIAN_POINT('Origin',(334.968750000002,-9.525,-71.0000002980232));
#2875=CARTESIAN_POINT('',(348.125001639128,-17.025,-71.0000002980232));
#2876=CARTESIAN_POINT('',(348.125001639128,-13.275,-71.0000002980232));
#2877=CARTESIAN_POINT('',(342.468750000001,-17.025,-71.0000002980232));
#2878=CARTESIAN_POINT('Origin',(245.196067811865,-126.753932188135,-71.0000002980232));
#2879=CARTESIAN_POINT('',(244.196067811865,-126.753932188135,-71.0000002980232));
#2880=CARTESIAN_POINT('Origin',(245.196067811865,-126.753932188135,-71.0000002980232));
#2881=CARTESIAN_POINT('Origin',(245.196067811865,-126.753932188135,-70.0000002980232));
#2882=CARTESIAN_POINT('',(244.196067811865,-126.753932188135,-70.0000002980232));
#2883=CARTESIAN_POINT('',(244.196067811865,-126.753932188135,-70.0000002980232));
#2884=CARTESIAN_POINT('Origin',(245.196067811865,-126.753932188135,-70.0000002980232));
#2885=CARTESIAN_POINT('Origin',(304.869842672882,-61.9125,-70.0000002980232));
#2886=CARTESIAN_POINT('Origin',(349.96875,-17.025,-70.0000002980232));
#2887=CARTESIAN_POINT('',(348.125001639128,-17.025,-72.0000002980232));
#2888=CARTESIAN_POINT('',(348.125001639128,-17.025,-71.0000002980232));
#2889=CARTESIAN_POINT('',(349.96875,-17.025,-72.0000002980232));
#2890=CARTESIAN_POINT('Origin',(348.125001639128,-17.025,-72.0000002980232));
#2891=CARTESIAN_POINT('',(348.125001639128,-124.000001847744,-72.0000002980232));
#2892=CARTESIAN_POINT('Origin',(304.869842672882,-61.9125,-72.0000002980232));
#2893=CARTESIAN_POINT('Origin',(309.96875,-17.025,-9.00000013411045));
#2894=CARTESIAN_POINT('',(309.96875,-13.625,-9.00000013411045));
#2895=CARTESIAN_POINT('',(312.76875,-13.625,-9.00000013411045));
#2896=CARTESIAN_POINT('',(311.36875,-13.625,-9.00000013411045));
#2897=CARTESIAN_POINT('',(312.76875,-5.425,-9.00000013411045));
#2898=CARTESIAN_POINT('',(312.76875,-11.225,-9.00000013411045));
#2899=CARTESIAN_POINT('',(309.96875,-5.425,-9.00000013411045));
#2900=CARTESIAN_POINT('',(309.96875,-5.425,-9.00000013411045));
#2901=CARTESIAN_POINT('',(309.96875,-2.02500000000001,-9.00000013411045));
#2902=CARTESIAN_POINT('',(309.96875,-2.02500000000001,-9.00000013411045));
#2903=CARTESIAN_POINT('',(313.76875,-2.02500000000001,-9.00000013411045));
#2904=CARTESIAN_POINT('',(309.96875,-2.02500000000001,-9.00000013411045));
#2905=CARTESIAN_POINT('',(313.76875,-17.025,-9.00000013411045));
#2906=CARTESIAN_POINT('',(313.76875,-13.275,-9.00000013411045));
#2907=CARTESIAN_POINT('',(309.96875,-17.025,-9.00000013411045));
#2908=CARTESIAN_POINT('',(309.96875,-17.025,-9.00000013411045));
#2909=CARTESIAN_POINT('',(309.96875,-2.02500000000001,-9.00000013411045));
#2910=CARTESIAN_POINT('Origin',(309.96875,-9.525,-3.00000004470348));
#2911=CARTESIAN_POINT('',(309.96875,-5.425,-7.));
#2912=CARTESIAN_POINT('',(309.96875,-5.425,-7.));
#2913=CARTESIAN_POINT('',(309.96875,-3.775,-7.));
#2914=CARTESIAN_POINT('',(309.96875,-5.425,-7.));
#2915=CARTESIAN_POINT('',(309.96875,-3.775,3.00000004470348));
#2916=CARTESIAN_POINT('',(309.96875,-3.775,0.));
#2917=CARTESIAN_POINT('',(309.96875,-0.525000000000002,3.00000004470348));
#2918=CARTESIAN_POINT('',(309.96875,-0.525000000000002,3.00000004470348));
#2919=CARTESIAN_POINT('',(309.96875,-0.525000000000002,2.));
#2920=CARTESIAN_POINT('',(309.96875,-0.525000000000002,2.));
#2921=CARTESIAN_POINT('',(309.96875,-2.02500000000001,2.));
#2922=CARTESIAN_POINT('',(309.96875,-2.02500000000001,2.));
#2923=CARTESIAN_POINT('',(309.96875,-2.02500000000001,-9.00000013411045));
#2924=CARTESIAN_POINT('Origin',(309.96875,-9.525,-3.00000004470348));
#2925=CARTESIAN_POINT('',(309.96875,-13.625,-7.));
#2926=CARTESIAN_POINT('',(309.96875,-13.625,-5.50000002235174));
#2927=CARTESIAN_POINT('',(309.96875,-17.025,2.));
#2928=CARTESIAN_POINT('',(309.96875,-17.025,2.));
#2929=CARTESIAN_POINT('',(309.96875,-18.525,2.));
#2930=CARTESIAN_POINT('',(309.96875,-17.025,2.));
#2931=CARTESIAN_POINT('',(309.96875,-18.525,3.00000004470348));
#2932=CARTESIAN_POINT('',(309.96875,-18.525,2.));
#2933=CARTESIAN_POINT('',(309.96875,-15.275,3.00000004470348));
#2934=CARTESIAN_POINT('',(309.96875,-18.525,3.00000004470348));
#2935=CARTESIAN_POINT('',(309.96875,-15.275,-7.));
#2936=CARTESIAN_POINT('',(309.96875,-15.275,0.));
#2937=CARTESIAN_POINT('',(309.96875,-15.275,-7.));
#2938=CARTESIAN_POINT('Origin',(309.96875,-3.775,3.00000004470348));
#2939=CARTESIAN_POINT('',(313.76875,-3.775,3.00000004470348));
#2940=CARTESIAN_POINT('',(313.76875,-3.775,2.22044604925031E-15));
#2941=CARTESIAN_POINT('',(313.76875,-3.775,0.));
#2942=CARTESIAN_POINT('',(309.96875,-3.775,3.00000004470348));
#2943=CARTESIAN_POINT('',(312.76875,-3.775,-7.));
#2944=CARTESIAN_POINT('',(309.96875,-3.775,-7.));
#2945=CARTESIAN_POINT('',(312.76875,-3.775,2.22044604925031E-15));
#2946=CARTESIAN_POINT('',(312.76875,-3.775,-2.49999997764826));
#2947=CARTESIAN_POINT('',(311.61875,-3.775,2.22044604925031E-15));
#2948=CARTESIAN_POINT('Origin',(309.96875,-15.275,3.00000004470348));
#2949=CARTESIAN_POINT('',(313.76875,-15.275,3.00000004470348));
#2950=CARTESIAN_POINT('',(313.76875,-18.525,3.00000004470348));
#2951=CARTESIAN_POINT('',(313.76875,-12.4,3.00000004470348));
#2952=CARTESIAN_POINT('',(309.96875,-15.275,3.00000004470348));
#2953=CARTESIAN_POINT('',(309.96875,-18.525,3.00000004470348));
#2954=CARTESIAN_POINT('Origin',(309.96875,-18.525,3.00000004470348));
#2955=CARTESIAN_POINT('',(313.76875,-18.525,2.));
#2956=CARTESIAN_POINT('',(313.76875,-18.525,0.));
#2957=CARTESIAN_POINT('',(309.96875,-18.525,2.));
#2958=CARTESIAN_POINT('Origin',(309.96875,-18.525,2.));
#2959=CARTESIAN_POINT('',(313.76875,-17.025,2.));
#2960=CARTESIAN_POINT('',(313.76875,-14.025,2.));
#2961=CARTESIAN_POINT('',(309.96875,-17.025,2.));
#2962=CARTESIAN_POINT('Origin',(309.96875,-13.625,-7.));
#2963=CARTESIAN_POINT('',(312.76875,-15.275,-7.));
#2964=CARTESIAN_POINT('',(312.76875,-13.625,-7.));
#2965=CARTESIAN_POINT('',(312.76875,-8.675,-7.));
#2966=CARTESIAN_POINT('',(309.96875,-13.625,-7.));
#2967=CARTESIAN_POINT('',(309.96875,-15.275,-7.));
#2968=CARTESIAN_POINT('Origin',(309.96875,-15.275,-7.));
#2969=CARTESIAN_POINT('',(313.76875,-15.275,2.22044604925031E-15));
#2970=CARTESIAN_POINT('',(313.76875,-15.275,-5.00000002235174));
#2971=CARTESIAN_POINT('',(312.76875,-15.275,2.22044604925031E-15));
#2972=CARTESIAN_POINT('',(311.61875,-15.275,2.22044604925031E-15));
#2973=CARTESIAN_POINT('',(312.76875,-15.275,-7.5));
#2974=CARTESIAN_POINT('Origin',(309.96875,-13.625,-8.));
#2975=CARTESIAN_POINT('',(312.76875,-13.625,-8.));
#2976=CARTESIAN_POINT('Origin',(309.96875,-5.425,-7.));
#2977=CARTESIAN_POINT('',(312.76875,-5.425,-7.));
#2978=CARTESIAN_POINT('',(312.76875,-5.425,-8.));
#2979=CARTESIAN_POINT('',(309.96875,-5.425,-7.));
#2980=CARTESIAN_POINT('Origin',(309.96875,-3.775,-7.));
#2981=CARTESIAN_POINT('',(312.76875,-3.75,-7.));
#2982=CARTESIAN_POINT('Origin',(313.76875,-15.325,-8.));
#2983=CARTESIAN_POINT('',(313.76875,-17.025,-0.500000022351742));
#2984=CARTESIAN_POINT('',(313.76875,-2.02500000000001,2.));
#2985=CARTESIAN_POINT('',(313.76875,-2.02500000000001,-6.00000008940697));
#2986=CARTESIAN_POINT('',(313.76875,-0.525000000000002,2.));
#2987=CARTESIAN_POINT('',(313.76875,-5.775,2.));
#2988=CARTESIAN_POINT('',(313.76875,-0.525000000000002,3.00000004470348));
#2989=CARTESIAN_POINT('',(313.76875,-0.525000000000002,-0.500000022351742));
#2990=CARTESIAN_POINT('',(313.76875,-5.025,3.00000004470348));
#2991=CARTESIAN_POINT('',(313.76875,-15.325,2.22044604925031E-15));
#2992=CARTESIAN_POINT('Origin',(313.26875,-9.525,2.22044604925031E-15));
#2993=CARTESIAN_POINT('',(312.76875,-5.425,2.22044604925031E-15));
#2994=CARTESIAN_POINT('Origin',(312.76875,-3.725,-8.));
#2995=CARTESIAN_POINT('Origin',(309.96875,-17.025,2.));
#2996=CARTESIAN_POINT('Origin',(309.96875,-2.02500000000001,-9.00000013411045));
#2997=CARTESIAN_POINT('',(309.96875,-2.02500000000001,2.));
#2998=CARTESIAN_POINT('Origin',(309.96875,-2.02500000000001,2.));
#2999=CARTESIAN_POINT('',(309.96875,-0.525000000000002,2.));
#3000=CARTESIAN_POINT('Origin',(309.96875,-0.525000000000002,2.));
#3001=CARTESIAN_POINT('',(309.96875,-0.525000000000002,3.00000004470348));
#3002=CARTESIAN_POINT('Origin',(309.96875,-0.525000000000002,3.00000004470348));
#3003=UNCERTAINTY_MEASURE_WITH_UNIT(LENGTH_MEASURE(0.01),#3007,
'DISTANCE_ACCURACY_VALUE',
'Maximum model space distance between geometric entities at asserted c
onnectivities');
#3004=UNCERTAINTY_MEASURE_WITH_UNIT(LENGTH_MEASURE(0.01),#3007,
'DISTANCE_ACCURACY_VALUE',
'Maximum model space distance between geometric entities at asserted c
onnectivities');
#3005=(
GEOMETRIC_REPRESENTATION_CONTEXT(3)
GLOBAL_UNCERTAINTY_ASSIGNED_CONTEXT((#3003))
GLOBAL_UNIT_ASSIGNED_CONTEXT((#3007,#3009,#3010))
REPRESENTATION_CONTEXT('','3D')
);
#3006=(
GEOMETRIC_REPRESENTATION_CONTEXT(3)
GLOBAL_UNCERTAINTY_ASSIGNED_CONTEXT((#3004))
GLOBAL_UNIT_ASSIGNED_CONTEXT((#3007,#3009,#3010))
REPRESENTATION_CONTEXT('','3D')
);
#3007=(
LENGTH_UNIT()
NAMED_UNIT(*)
SI_UNIT(.MILLI.,.METRE.)
);
#3008=(
LENGTH_UNIT()
NAMED_UNIT(*)
SI_UNIT($,.METRE.)
);
#3009=(
NAMED_UNIT(*)
PLANE_ANGLE_UNIT()
SI_UNIT($,.RADIAN.)
);
#3010=(
NAMED_UNIT(*)
SI_UNIT($,.STERADIAN.)
SOLID_ANGLE_UNIT()
);
#3011=SHAPE_DEFINITION_REPRESENTATION(#3012,#3013);
#3012=PRODUCT_DEFINITION_SHAPE('',$,#3015);
#3013=SHAPE_REPRESENTATION('',(#1851),#3005);
#3014=PRODUCT_DEFINITION_CONTEXT('part definition',#3019,'design');
#3015=PRODUCT_DEFINITION('HandwireTKL','HandwireTKL v28',#3016,#3014);
#3016=PRODUCT_DEFINITION_FORMATION('',$,#3021);
#3017=PRODUCT_RELATED_PRODUCT_CATEGORY('HandwireTKL v28',
'HandwireTKL v28',(#3021));
#3018=APPLICATION_PROTOCOL_DEFINITION('international standard',
'automotive_design',2009,#3019);
#3019=APPLICATION_CONTEXT(
'Core Data for Automotive Mechanical Design Process');
#3020=PRODUCT_CONTEXT('part definition',#3019,'mechanical');
#3021=PRODUCT('HandwireTKL','HandwireTKL v28',$,(#3020));
#3022=PRESENTATION_STYLE_ASSIGNMENT((#3025));
#3023=PRESENTATION_STYLE_ASSIGNMENT((#3026));
#3024=PRESENTATION_STYLE_ASSIGNMENT((#3027));
#3025=SURFACE_STYLE_USAGE(.BOTH.,#3028);
#3026=SURFACE_STYLE_USAGE(.BOTH.,#3029);
#3027=SURFACE_STYLE_USAGE(.BOTH.,#3030);
#3028=SURFACE_SIDE_STYLE('',(#3031));
#3029=SURFACE_SIDE_STYLE('',(#3032));
#3030=SURFACE_SIDE_STYLE('',(#3033));
#3031=SURFACE_STYLE_FILL_AREA(#3034);
#3032=SURFACE_STYLE_FILL_AREA(#3035);
#3033=SURFACE_STYLE_FILL_AREA(#3036);
#3034=FILL_AREA_STYLE('Steel - Satin',(#3037));
#3035=FILL_AREA_STYLE('Plastic - Glossy (Black)',(#3038));
#3036=FILL_AREA_STYLE('Aluminum - Polished',(#3039));
#3037=FILL_AREA_STYLE_COLOUR('Steel - Satin',#3040);
#3038=FILL_AREA_STYLE_COLOUR('Plastic - Glossy (Black)',#3041);
#3039=FILL_AREA_STYLE_COLOUR('Aluminum - Polished',#3042);
#3040=COLOUR_RGB('Steel - Satin',0.627450980392157,0.627450980392157,0.627450980392157);
#3041=COLOUR_RGB('Plastic - Glossy (Black)',0.0980392156862745,0.0980392156862745,
0.0980392156862745);
#3042=COLOUR_RGB('Aluminum - Polished',0.96078431372549,0.96078431372549,
0.964705882352941);
ENDSEC;
END-ISO-10303-21;
